arm,tag,step,value
ctrl,train/entropy_loss,8192,-0.21928486227989197
ctrl,train/entropy_loss,12288,-0.21282944083213806
ctrl,train/entropy_loss,16384,-0.21071642637252808
ctrl,train/entropy_loss,20480,-0.20945198833942413
ctrl,train/entropy_loss,24576,-0.20304350554943085
ctrl,train/entropy_loss,28672,-0.19879738986492157
ctrl,train/entropy_loss,32768,-0.20113760232925415
ctrl,train/entropy_loss,36864,-0.1986158937215805
ctrl,train/entropy_loss,40960,-0.19305118918418884
ctrl,train/entropy_loss,45056,-0.18198566138744354
ctrl,train/entropy_loss,49152,-0.19160780310630798
ctrl,train/entropy_loss,53248,-0.19347353279590607
ctrl,train/entropy_loss,57344,-0.1843668818473816
ctrl,train/entropy_loss,61440,-0.19062969088554382
ctrl,train/entropy_loss,65536,-0.1914014220237732
ctrl,train/entropy_loss,69632,-0.1841079294681549
ctrl,train/entropy_loss,73728,-0.1880117654800415
ctrl,train/entropy_loss,77824,-0.2035457342863083
ctrl,train/entropy_loss,81920,-0.19530023634433746
ctrl,train/entropy_loss,86016,-0.19242262840270996
ctrl,train/entropy_loss,90112,-0.19259794056415558
ctrl,train/entropy_loss,94208,-0.18808864057064056
ctrl,train/entropy_loss,98304,-0.1938088834285736
ctrl,train/entropy_loss,102400,-0.1823861300945282
ctrl,train/entropy_loss,106496,-0.17992469668388367
ctrl,train/entropy_loss,110592,-0.18015265464782715
ctrl,train/entropy_loss,114688,-0.1871223747730255
ctrl,train/entropy_loss,118784,-0.20114779472351074
ctrl,train/entropy_loss,122880,-0.18178926408290863
ctrl,train/entropy_loss,126976,-0.21204237639904022
ctrl,train/entropy_loss,131072,-0.19176757335662842
ctrl,train/entropy_loss,135168,-0.1988457441329956
ctrl,train/entropy_loss,139264,-0.1837749481201172
ctrl,train/entropy_loss,143360,-0.17898328602313995
ctrl,train/entropy_loss,147456,-0.17037680745124817
ctrl,train/entropy_loss,151552,-0.1761358380317688
ctrl,train/entropy_loss,155648,-0.18693262338638306
ctrl,train/entropy_loss,159744,-0.18207834661006927
ctrl,train/entropy_loss,163840,-0.19291701912879944
ctrl,train/entropy_loss,167936,-0.19235745072364807
ctrl,train/entropy_loss,172032,-0.17863112688064575
ctrl,train/entropy_loss,176128,-0.1790156364440918
ctrl,train/entropy_loss,180224,-0.1963597536087036
ctrl,train/entropy_loss,184320,-0.17740890383720398
ctrl,train/entropy_loss,188416,-0.17480596899986267
ctrl,train/entropy_loss,192512,-0.1763547658920288
ctrl,train/entropy_loss,196608,-0.17267267405986786
ctrl,train/entropy_loss,200704,-0.18368276953697205
ctrl,train/entropy_loss,204800,-0.1814025193452835
ctrl,train/entropy_loss,208896,-0.17493201792240143
ctrl,train/entropy_loss,212992,-0.1775127649307251
ctrl,train/entropy_loss,217088,-0.17925386130809784
ctrl,train/entropy_loss,221184,-0.18031927943229675
ctrl,train/entropy_loss,225280,-0.1760706603527069
ctrl,train/entropy_loss,229376,-0.17064596712589264
ctrl,train/entropy_loss,233472,-0.16516926884651184
ctrl,train/entropy_loss,237568,-0.17509786784648895
ctrl,train/entropy_loss,241664,-0.17475152015686035
ctrl,train/entropy_loss,245760,-0.17082718014717102
ctrl,train/entropy_loss,249856,-0.172810360789299
ctrl,train/entropy_loss,253952,-0.16422505676746368
ctrl,train/entropy_loss,262144,-0.1812446564435959
ctrl,train/entropy_loss,266240,-0.17941445112228394
ctrl,train/entropy_loss,270336,-0.18406718969345093
ctrl,train/entropy_loss,274432,-0.17809420824050903
ctrl,train/entropy_loss,278528,-0.1836266964673996
ctrl,train/entropy_loss,282624,-0.1699361801147461
ctrl,train/entropy_loss,286720,-0.18494822084903717
ctrl,train/entropy_loss,290816,-0.1806665062904358
ctrl,train/entropy_loss,294912,-0.17960870265960693
ctrl,train/entropy_loss,299008,-0.1846703588962555
ctrl,train/entropy_loss,303104,-0.18815283477306366
ctrl,train/entropy_loss,307200,-0.18570169806480408
ctrl,train/entropy_loss,311296,-0.1830521821975708
ctrl,train/entropy_loss,315392,-0.1885553002357483
ctrl,train/entropy_loss,319488,-0.18615011870861053
ctrl,train/entropy_loss,323584,-0.19009172916412354
ctrl,train/entropy_loss,327680,-0.18410849571228027
ctrl,train/entropy_loss,331776,-0.19517433643341064
ctrl,train/entropy_loss,335872,-0.18915079534053802
ctrl,train/entropy_loss,339968,-0.18086864054203033
ctrl,train/entropy_loss,344064,-0.1784084439277649
ctrl,train/entropy_loss,348160,-0.1783149540424347
ctrl,train/entropy_loss,352256,-0.178287535905838
ctrl,train/entropy_loss,356352,-0.17650456726551056
ctrl,train/entropy_loss,360448,-0.18193216621875763
ctrl,train/entropy_loss,364544,-0.18573428690433502
ctrl,train/entropy_loss,368640,-0.17835628986358643
ctrl,train/entropy_loss,372736,-0.18974724411964417
ctrl,train/entropy_loss,376832,-0.18280456960201263
ctrl,train/entropy_loss,380928,-0.17660480737686157
ctrl,train/entropy_loss,385024,-0.17983770370483398
ctrl,train/entropy_loss,389120,-0.182383731007576
ctrl,train/entropy_loss,393216,-0.18631711602210999
ctrl,train/entropy_loss,397312,-0.1742234081029892
ctrl,train/entropy_loss,401408,-0.17502142488956451
ctrl,train/entropy_loss,405504,-0.17080798745155334
ctrl,train/entropy_loss,409600,-0.1770780086517334
ctrl,train/entropy_loss,413696,-0.16739191114902496
ctrl,train/entropy_loss,417792,-0.16575554013252258
ctrl,train/entropy_loss,421888,-0.18404924869537354
ctrl,train/entropy_loss,425984,-0.1782444715499878
ctrl,train/entropy_loss,430080,-0.18518048524856567
ctrl,train/entropy_loss,434176,-0.19191299378871918
ctrl,train/entropy_loss,438272,-0.1781722605228424
ctrl,train/entropy_loss,442368,-0.16892530024051666
ctrl,train/entropy_loss,446464,-0.17430652678012848
ctrl,train/entropy_loss,450560,-0.17894800007343292
ctrl,train/entropy_loss,454656,-0.16736634075641632
ctrl,train/entropy_loss,458752,-0.18788856267929077
ctrl,train/entropy_loss,462848,-0.17593780159950256
ctrl,train/entropy_loss,466944,-0.17114973068237305
ctrl,train/entropy_loss,471040,-0.18438102304935455
ctrl,train/entropy_loss,475136,-0.19034479558467865
ctrl,train/entropy_loss,479232,-0.17725639045238495
ctrl,train/entropy_loss,483328,-0.1880732774734497
ctrl,train/entropy_loss,487424,-0.18289485573768616
ctrl,train/entropy_loss,491520,-0.2000209242105484
ctrl,train/entropy_loss,495616,-0.20001478493213654
ctrl,train/entropy_loss,499712,-0.17590157687664032
ctrl,train/entropy_loss,503808,-0.17333611845970154
ctrl,train/entropy_loss,507904,-0.1844835728406906
ctrl,train/entropy_loss,516096,-0.18872998654842377
ctrl,train/entropy_loss,520192,-0.18371792137622833
ctrl,train/entropy_loss,524288,-0.1821030080318451
ctrl,train/entropy_loss,528384,-0.1787101775407791
ctrl,train/entropy_loss,532480,-0.17915229499340057
ctrl,train/entropy_loss,536576,-0.17973797023296356
ctrl,train/entropy_loss,540672,-0.17979386448860168
ctrl,train/entropy_loss,544768,-0.18432621657848358
ctrl,train/entropy_loss,548864,-0.15920279920101166
ctrl,train/entropy_loss,552960,-0.18019318580627441
ctrl,train/entropy_loss,557056,-0.18541888892650604
ctrl,train/entropy_loss,561152,-0.17469267547130585
ctrl,train/entropy_loss,565248,-0.17722423374652863
ctrl,train/entropy_loss,569344,-0.17807646095752716
ctrl,train/entropy_loss,573440,-0.18075887858867645
ctrl,train/entropy_loss,577536,-0.19214601814746857
ctrl,train/entropy_loss,581632,-0.17811475694179535
ctrl,train/entropy_loss,585728,-0.18924914300441742
ctrl,train/entropy_loss,589824,-0.1818769872188568
ctrl,train/entropy_loss,593920,-0.1902901828289032
ctrl,train/entropy_loss,598016,-0.1998583972454071
ctrl,train/entropy_loss,602112,-0.18358491361141205
ctrl,train/entropy_loss,606208,-0.18276068568229675
ctrl,train/entropy_loss,610304,-0.19629038870334625
ctrl,train/entropy_loss,614400,-0.1904086470603943
ctrl,train/entropy_loss,618496,-0.18277162313461304
ctrl,train/entropy_loss,622592,-0.2014494389295578
ctrl,train/entropy_loss,626688,-0.19416314363479614
ctrl,train/entropy_loss,630784,-0.193675234913826
ctrl,train/entropy_loss,634880,-0.1901465207338333
ctrl,train/entropy_loss,638976,-0.18619440495967865
ctrl,train/entropy_loss,643072,-0.19756807386875153
ctrl,train/entropy_loss,647168,-0.19155381619930267
ctrl,train/entropy_loss,651264,-0.17312760651111603
ctrl,train/entropy_loss,655360,-0.17911922931671143
ctrl,train/entropy_loss,659456,-0.18406523764133453
ctrl,train/entropy_loss,663552,-0.17856541275978088
ctrl,train/entropy_loss,667648,-0.1901065856218338
ctrl,train/entropy_loss,671744,-0.1878499537706375
ctrl,train/entropy_loss,675840,-0.19227907061576843
ctrl,train/entropy_loss,679936,-0.1782788336277008
ctrl,train/entropy_loss,684032,-0.19092708826065063
ctrl,train/entropy_loss,688128,-0.18848192691802979
ctrl,train/entropy_loss,692224,-0.18711619079113007
ctrl,train/entropy_loss,696320,-0.1826348602771759
ctrl,train/entropy_loss,700416,-0.19261252880096436
ctrl,train/entropy_loss,704512,-0.18039461970329285
ctrl,train/entropy_loss,708608,-0.17242544889450073
ctrl,train/entropy_loss,712704,-0.187392458319664
ctrl,train/entropy_loss,716800,-0.1963198184967041
ctrl,train/entropy_loss,720896,-0.17563384771347046
ctrl,train/entropy_loss,724992,-0.17724253237247467
ctrl,train/entropy_loss,729088,-0.18181352317333221
ctrl,train/entropy_loss,733184,-0.18224844336509705
ctrl,train/entropy_loss,737280,-0.1850043386220932
ctrl,train/entropy_loss,741376,-0.1793234944343567
ctrl,train/entropy_loss,745472,-0.18266263604164124
ctrl,train/entropy_loss,749568,-0.1789112240076065
ctrl,train/entropy_loss,753664,-0.18786589801311493
ctrl,train/entropy_loss,757760,-0.17736469209194183
ctrl,train/entropy_loss,761856,-0.18604636192321777
ctrl,train/entropy_loss,770048,-0.17826080322265625
ctrl,train/entropy_loss,774144,-0.17495259642601013
ctrl,train/entropy_loss,778240,-0.1755475401878357
ctrl,train/entropy_loss,782336,-0.17281843721866608
ctrl,train/entropy_loss,786432,-0.18086160719394684
ctrl,train/entropy_loss,790528,-0.16991963982582092
ctrl,train/entropy_loss,794624,-0.17612025141716003
ctrl,train/entropy_loss,798720,-0.17166276276111603
ctrl,train/entropy_loss,802816,-0.16941028833389282
ctrl,train/entropy_loss,806912,-0.1690099835395813
ctrl,train/entropy_loss,811008,-0.18053358793258667
ctrl,train/entropy_loss,815104,-0.1631833165884018
ctrl,train/entropy_loss,819200,-0.16982994973659515
ctrl,train/entropy_loss,823296,-0.1661096066236496
ctrl,train/entropy_loss,827392,-0.17637959122657776
ctrl,train/entropy_loss,831488,-0.1542704552412033
ctrl,train/entropy_loss,835584,-0.15892183780670166
ctrl,train/entropy_loss,839680,-0.16609245538711548
ctrl,train/entropy_loss,843776,-0.15917754173278809
ctrl,train/entropy_loss,847872,-0.15676477551460266
ctrl,train/entropy_loss,851968,-0.15592171251773834
ctrl,train/entropy_loss,856064,-0.15576960146427155
ctrl,train/entropy_loss,860160,-0.16907356679439545
ctrl,train/entropy_loss,864256,-0.156896710395813
ctrl,train/entropy_loss,868352,-0.17288145422935486
ctrl,train/entropy_loss,872448,-0.16196049749851227
ctrl,train/entropy_loss,876544,-0.15713810920715332
ctrl,train/entropy_loss,880640,-0.16351597011089325
ctrl,train/entropy_loss,884736,-0.17261947691440582
ctrl,train/entropy_loss,888832,-0.17139507830142975
ctrl,train/entropy_loss,892928,-0.16714128851890564
ctrl,train/entropy_loss,897024,-0.17236796021461487
ctrl,train/entropy_loss,901120,-0.17192916572093964
ctrl,train/entropy_loss,905216,-0.16707174479961395
ctrl,train/entropy_loss,909312,-0.17047198116779327
ctrl,train/entropy_loss,913408,-0.16728122532367706
ctrl,train/entropy_loss,917504,-0.1761084645986557
ctrl,train/entropy_loss,921600,-0.16834202408790588
ctrl,train/entropy_loss,925696,-0.17995963990688324
ctrl,train/entropy_loss,929792,-0.15254764258861542
ctrl,train/entropy_loss,933888,-0.15976935625076294
ctrl,train/entropy_loss,937984,-0.16858619451522827
ctrl,train/entropy_loss,942080,-0.15224680304527283
ctrl,train/entropy_loss,946176,-0.17243702709674835
ctrl,train/entropy_loss,950272,-0.15934666991233826
ctrl,train/entropy_loss,954368,-0.1628364473581314
ctrl,train/entropy_loss,958464,-0.1607820689678192
ctrl,train/entropy_loss,962560,-0.17165441811084747
ctrl,train/entropy_loss,966656,-0.1647484302520752
ctrl,train/entropy_loss,970752,-0.16549181938171387
ctrl,train/entropy_loss,974848,-0.16820332407951355
ctrl,train/entropy_loss,978944,-0.15676242113113403
ctrl,train/entropy_loss,983040,-0.17034441232681274
ctrl,train/entropy_loss,987136,-0.1687496155500412
ctrl,train/entropy_loss,991232,-0.1645340472459793
ctrl,train/entropy_loss,995328,-0.16633951663970947
ctrl,train/entropy_loss,999424,-0.1620677411556244
ctrl,train/entropy_loss,1003520,-0.15752269327640533
ctrl,train/entropy_loss,1007616,-0.14612320065498352
ctrl,train/entropy_loss,1011712,-0.17497888207435608
ctrl,train/entropy_loss,1015808,-0.15482871234416962
ctrl,train/entropy_loss,1024000,-0.1559108942747116
ctrl,train/entropy_loss,1028096,-0.15458081662654877
ctrl,train/entropy_loss,1032192,-0.16144198179244995
ctrl,train/entropy_loss,1036288,-0.16575555503368378
ctrl,train/entropy_loss,1040384,-0.16010484099388123
ctrl,train/entropy_loss,1044480,-0.16517922282218933
ctrl,train/entropy_loss,1048576,-0.16381874680519104
ctrl,train/entropy_loss,1052672,-0.15922892093658447
ctrl,train/entropy_loss,1056768,-0.1618792861700058
ctrl,train/entropy_loss,1060864,-0.15185345709323883
ctrl,train/entropy_loss,1064960,-0.15795235335826874
ctrl,train/entropy_loss,1069056,-0.16689784824848175
ctrl,train/entropy_loss,1073152,-0.16854679584503174
ctrl,train/entropy_loss,1077248,-0.16925369203090668
ctrl,train/entropy_loss,1081344,-0.15939213335514069
ctrl,train/entropy_loss,1085440,-0.15729282796382904
ctrl,train/entropy_loss,1089536,-0.1642780900001526
ctrl,train/entropy_loss,1093632,-0.17182128131389618
ctrl,train/entropy_loss,1097728,-0.15809011459350586
ctrl,train/entropy_loss,1101824,-0.1616876721382141
ctrl,train/entropy_loss,1105920,-0.1563088744878769
ctrl,train/entropy_loss,1110016,-0.15011614561080933
ctrl,train/entropy_loss,1114112,-0.1570524424314499
ctrl,train/entropy_loss,1118208,-0.15843532979488373
ctrl,train/entropy_loss,1122304,-0.1675129234790802
ctrl,train/entropy_loss,1126400,-0.15446965396404266
ctrl,train/entropy_loss,1130496,-0.1508321911096573
ctrl,train/entropy_loss,1134592,-0.1608477234840393
ctrl,train/entropy_loss,1138688,-0.16310864686965942
ctrl,train/entropy_loss,1142784,-0.16420292854309082
ctrl,train/entropy_loss,1146880,-0.16530251502990723
ctrl,train/entropy_loss,1150976,-0.15399116277694702
ctrl,train/entropy_loss,1155072,-0.16036273539066315
ctrl,train/entropy_loss,1159168,-0.1628461629152298
ctrl,train/entropy_loss,1163264,-0.14518943428993225
ctrl,train/entropy_loss,1167360,-0.15278680622577667
ctrl,train/entropy_loss,1171456,-0.1551908701658249
ctrl,train/entropy_loss,1175552,-0.14429007470607758
ctrl,train/entropy_loss,1179648,-0.15741226077079773
ctrl,train/entropy_loss,1183744,-0.16769105195999146
ctrl,train/entropy_loss,1187840,-0.16871348023414612
ctrl,train/entropy_loss,1191936,-0.17851899564266205
ctrl,train/entropy_loss,1196032,-0.16796466708183289
ctrl,train/entropy_loss,1200128,-0.15545186400413513
ctrl,train/entropy_loss,1204224,-0.15544134378433228
ctrl,train/entropy_loss,1208320,-0.14876192808151245
ctrl,train/entropy_loss,1212416,-0.16395755112171173
ctrl,train/entropy_loss,1216512,-0.1662341207265854
ctrl,train/entropy_loss,1220608,-0.16935963928699493
ctrl,train/entropy_loss,1224704,-0.17226393520832062
ctrl,train/entropy_loss,1228800,-0.1651776283979416
ctrl,train/entropy_loss,1232896,-0.1652664691209793
ctrl,train/entropy_loss,1236992,-0.16509826481342316
ctrl,train/entropy_loss,1241088,-0.17511703073978424
ctrl,train/entropy_loss,1245184,-0.1666833758354187
ctrl,train/entropy_loss,1249280,-0.17541077733039856
ctrl,train/entropy_loss,1253376,-0.1723015308380127
ctrl,train/entropy_loss,1257472,-0.18107576668262482
ctrl,train/entropy_loss,1261568,-0.17015907168388367
ctrl,train/entropy_loss,1265664,-0.17778447270393372
ctrl,train/entropy_loss,1269760,-0.16535957157611847
ctrl,train/entropy_loss,1277952,-0.17745226621627808
ctrl,train/entropy_loss,1282048,-0.1816505789756775
ctrl,train/entropy_loss,1286144,-0.17258761823177338
ctrl,train/entropy_loss,1290240,-0.18075518310070038
ctrl,train/entropy_loss,1294336,-0.1830233782529831
ctrl,train/entropy_loss,1298432,-0.18051402270793915
ctrl,train/entropy_loss,1302528,-0.18088197708129883
ctrl,train/entropy_loss,1306624,-0.18339098989963531
ctrl,train/entropy_loss,1310720,-0.17003491520881653
ctrl,train/entropy_loss,1314816,-0.1708516776561737
ctrl,train/entropy_loss,1318912,-0.17054420709609985
ctrl,train/entropy_loss,1323008,-0.16622519493103027
ctrl,train/entropy_loss,1327104,-0.18722690641880035
ctrl,train/entropy_loss,1331200,-0.17961102724075317
ctrl,train/entropy_loss,1335296,-0.16136348247528076
ctrl,train/entropy_loss,1339392,-0.17456069588661194
ctrl,train/entropy_loss,1343488,-0.18764641880989075
ctrl,train/entropy_loss,1347584,-0.18179331719875336
ctrl,train/entropy_loss,1351680,-0.166656032204628
ctrl,train/entropy_loss,1355776,-0.17454630136489868
ctrl,train/entropy_loss,1359872,-0.1791742593050003
ctrl,train/entropy_loss,1363968,-0.17534556984901428
ctrl,train/entropy_loss,1368064,-0.17424988746643066
ctrl,train/entropy_loss,1372160,-0.1676582247018814
ctrl,train/entropy_loss,1376256,-0.16488496959209442
ctrl,train/entropy_loss,1380352,-0.16986000537872314
ctrl,train/entropy_loss,1384448,-0.15844564139842987
ctrl,train/entropy_loss,1388544,-0.18117429316043854
ctrl,train/entropy_loss,1392640,-0.16259875893592834
ctrl,train/entropy_loss,1396736,-0.16911228001117706
ctrl,train/entropy_loss,1400832,-0.17507952451705933
ctrl,train/entropy_loss,1404928,-0.17036257684230804
ctrl,train/entropy_loss,1409024,-0.1778973489999771
ctrl,train/entropy_loss,1413120,-0.1692013293504715
ctrl,train/entropy_loss,1417216,-0.16363950073719025
ctrl,train/entropy_loss,1421312,-0.1558864563703537
ctrl,train/entropy_loss,1425408,-0.16769374907016754
ctrl,train/entropy_loss,1429504,-0.16821086406707764
ctrl,train/entropy_loss,1433600,-0.16287854313850403
ctrl,train/entropy_loss,1437696,-0.1762213408946991
ctrl,train/entropy_loss,1441792,-0.16307741403579712
ctrl,train/entropy_loss,1445888,-0.16570451855659485
ctrl,train/entropy_loss,1449984,-0.17431765794754028
ctrl,train/entropy_loss,1454080,-0.1680435836315155
ctrl,train/entropy_loss,1458176,-0.17131373286247253
ctrl,train/entropy_loss,1462272,-0.17613445222377777
ctrl,train/entropy_loss,1466368,-0.16148392856121063
ctrl,train/entropy_loss,1470464,-0.1644345223903656
ctrl,train/entropy_loss,1474560,-0.16645896434783936
ctrl,train/entropy_loss,1478656,-0.16882126033306122
ctrl,train/entropy_loss,1482752,-0.16774500906467438
ctrl,train/entropy_loss,1486848,-0.17298945784568787
ctrl,train/entropy_loss,1490944,-0.16640929877758026
ctrl,train/entropy_loss,1495040,-0.16826340556144714
ctrl,train/entropy_loss,1499136,-0.1549159437417984
ctrl,train/entropy_loss,1503232,-0.16109654307365417
ctrl,train/entropy_loss,1507328,-0.16054198145866394
ctrl,train/entropy_loss,1511424,-0.16041147708892822
ctrl,train/entropy_loss,1515520,-0.14800581336021423
ctrl,train/entropy_loss,1519616,-0.15760251879692078
ctrl,train/entropy_loss,1523712,-0.16322506964206696
ctrl,train/entropy_loss,1531904,-0.16916458308696747
ctrl,train/entropy_loss,1536000,-0.17512303590774536
ctrl,train/entropy_loss,1540096,-0.16381309926509857
ctrl,train/entropy_loss,1544192,-0.1611616313457489
ctrl,train/entropy_loss,1548288,-0.15823641419410706
ctrl,train/entropy_loss,1552384,-0.17082595825195312
ctrl,train/entropy_loss,1556480,-0.16268864274024963
ctrl,train/entropy_loss,1560576,-0.15986864268779755
ctrl,train/entropy_loss,1564672,-0.15704597532749176
ctrl,train/entropy_loss,1568768,-0.16641771793365479
ctrl,train/entropy_loss,1572864,-0.16072764992713928
ctrl,train/entropy_loss,1576960,-0.16220782697200775
ctrl,train/entropy_loss,1581056,-0.17763349413871765
ctrl,train/entropy_loss,1585152,-0.167580708861351
ctrl,train/entropy_loss,1589248,-0.17262370884418488
ctrl,train/entropy_loss,1593344,-0.16050511598587036
ctrl,train/entropy_loss,1597440,-0.16891087591648102
ctrl,train/entropy_loss,1601536,-0.16554990410804749
ctrl,train/entropy_loss,1605632,-0.16815054416656494
ctrl,train/entropy_loss,1609728,-0.16668306291103363
ctrl,train/entropy_loss,1613824,-0.17171339690685272
ctrl,train/entropy_loss,1617920,-0.16077002882957458
ctrl,train/entropy_loss,1622016,-0.16213811933994293
ctrl,train/entropy_loss,1626112,-0.16725125908851624
ctrl,train/entropy_loss,1630208,-0.16671445965766907
ctrl,train/entropy_loss,1634304,-0.16095468401908875
ctrl,train/entropy_loss,1638400,-0.16346138715744019
ctrl,train/entropy_loss,1642496,-0.17116643488407135
ctrl,train/entropy_loss,1646592,-0.17258764803409576
ctrl,train/entropy_loss,1650688,-0.1569242775440216
ctrl,train/entropy_loss,1654784,-0.16229620575904846
ctrl,train/entropy_loss,1658880,-0.15759921073913574
ctrl,train/entropy_loss,1662976,-0.1568305641412735
ctrl,train/entropy_loss,1667072,-0.17107847332954407
ctrl,train/entropy_loss,1671168,-0.1514127403497696
ctrl,train/entropy_loss,1675264,-0.16330766677856445
ctrl,train/entropy_loss,1679360,-0.1642572581768036
ctrl,train/entropy_loss,1683456,-0.15554757416248322
ctrl,train/entropy_loss,1687552,-0.16804124414920807
ctrl,train/entropy_loss,1691648,-0.15956111252307892
ctrl,train/entropy_loss,1695744,-0.1577899158000946
ctrl,train/entropy_loss,1699840,-0.15210628509521484
ctrl,train/entropy_loss,1703936,-0.16025707125663757
ctrl,train/entropy_loss,1708032,-0.1673719435930252
ctrl,train/entropy_loss,1712128,-0.16410893201828003
ctrl,train/entropy_loss,1716224,-0.15699872374534607
ctrl,train/entropy_loss,1720320,-0.16649116575717926
ctrl,train/entropy_loss,1724416,-0.16443376243114471
ctrl,train/entropy_loss,1728512,-0.16310058534145355
ctrl,train/entropy_loss,1732608,-0.16564533114433289
ctrl,train/entropy_loss,1736704,-0.17151223123073578
ctrl,train/entropy_loss,1740800,-0.16224467754364014
ctrl,train/entropy_loss,1744896,-0.15550567209720612
ctrl,train/entropy_loss,1748992,-0.16025817394256592
ctrl,train/entropy_loss,1753088,-0.16932718455791473
ctrl,train/entropy_loss,1757184,-0.16286669671535492
ctrl,train/entropy_loss,1761280,-0.16223998367786407
ctrl,train/entropy_loss,1765376,-0.17154890298843384
ctrl,train/entropy_loss,1769472,-0.15986193716526031
ctrl,train/entropy_loss,1773568,-0.1589086949825287
ctrl,train/entropy_loss,1777664,-0.14847102761268616
ctrl,train/entropy_loss,1785856,-0.15381981432437897
ctrl,train/entropy_loss,1789952,-0.17355561256408691
ctrl,train/entropy_loss,1794048,-0.16215945780277252
ctrl,train/entropy_loss,1798144,-0.1638188511133194
ctrl,train/entropy_loss,1802240,-0.17258086800575256
ctrl,train/entropy_loss,1806336,-0.16336697340011597
ctrl,train/entropy_loss,1810432,-0.16953793168067932
ctrl,train/entropy_loss,1814528,-0.16449667513370514
ctrl,train/entropy_loss,1818624,-0.1629183441400528
ctrl,train/entropy_loss,1822720,-0.16722477972507477
ctrl,train/entropy_loss,1826816,-0.16663730144500732
ctrl,train/entropy_loss,1830912,-0.1627461165189743
ctrl,train/entropy_loss,1835008,-0.17063163220882416
ctrl,train/entropy_loss,1839104,-0.18224486708641052
ctrl,train/entropy_loss,1843200,-0.17354904115200043
ctrl,train/entropy_loss,1847296,-0.1690749078989029
ctrl,train/entropy_loss,1851392,-0.1549394726753235
ctrl,train/entropy_loss,1855488,-0.16443267464637756
ctrl,train/entropy_loss,1859584,-0.16516414284706116
ctrl,train/entropy_loss,1863680,-0.16618646681308746
ctrl,train/entropy_loss,1867776,-0.167536199092865
ctrl,train/entropy_loss,1871872,-0.16800768673419952
ctrl,train/entropy_loss,1875968,-0.16531763970851898
ctrl,train/entropy_loss,1880064,-0.1621217131614685
ctrl,train/entropy_loss,1884160,-0.16890615224838257
ctrl,train/entropy_loss,1888256,-0.17651334404945374
ctrl,train/entropy_loss,1892352,-0.15642887353897095
ctrl,train/entropy_loss,1896448,-0.15715403854846954
ctrl,train/entropy_loss,1900544,-0.16421833634376526
ctrl,train/entropy_loss,1904640,-0.15904361009597778
ctrl,train/entropy_loss,1908736,-0.1574980616569519
ctrl,train/entropy_loss,1912832,-0.1540432721376419
ctrl,train/entropy_loss,1916928,-0.1636490374803543
ctrl,train/entropy_loss,1921024,-0.16463103890419006
ctrl,train/entropy_loss,1925120,-0.1516411155462265
ctrl,train/entropy_loss,1929216,-0.17185841500759125
ctrl,train/entropy_loss,1933312,-0.15010590851306915
ctrl,train/entropy_loss,1937408,-0.16335827112197876
ctrl,train/entropy_loss,1941504,-0.14773431420326233
ctrl,train/entropy_loss,1945600,-0.16301807761192322
ctrl,train/entropy_loss,1949696,-0.16674058139324188
ctrl,train/entropy_loss,1953792,-0.1572088748216629
ctrl,train/entropy_loss,1957888,-0.16417911648750305
ctrl,train/entropy_loss,1961984,-0.16856837272644043
ctrl,train/entropy_loss,1966080,-0.15688133239746094
ctrl,train/entropy_loss,1970176,-0.16131800413131714
ctrl,train/entropy_loss,1974272,-0.1600418984889984
ctrl,train/entropy_loss,1978368,-0.15196800231933594
ctrl,train/entropy_loss,1982464,-0.14811928570270538
ctrl,train/entropy_loss,1986560,-0.15720728039741516
ctrl,train/entropy_loss,1990656,-0.16324472427368164
ctrl,train/entropy_loss,1994752,-0.16057166457176208
ctrl,train/entropy_loss,1998848,-0.16109716892242432
ctrl,train/entropy_loss,2002944,-0.1548832654953003
ctrl,train/entropy_loss,2007040,-0.16011761128902435
ctrl,train/entropy_loss,2011136,-0.17136253416538239
ctrl,train/entropy_loss,2015232,-0.1613970547914505
ctrl,train/entropy_loss,2019328,-0.16873960196971893
ctrl,train/entropy_loss,2023424,-0.16015245020389557
ctrl,train/entropy_loss,2027520,-0.17591549456119537
ctrl,train/entropy_loss,2031616,-0.177955761551857
ctrl,train/entropy_loss,2039808,-0.17022746801376343
ctrl,train/entropy_loss,2043904,-0.16954675316810608
ctrl,train/entropy_loss,2048000,-0.17184831202030182
ctrl,train/entropy_loss,2052096,-0.17285893857479095
ctrl,train/entropy_loss,2056192,-0.17458988726139069
ctrl,train/entropy_loss,2060288,-0.17794132232666016
ctrl,train/entropy_loss,2064384,-0.1659022867679596
ctrl,train/entropy_loss,2068480,-0.17312154173851013
ctrl,train/entropy_loss,2072576,-0.176442950963974
ctrl,train/entropy_loss,2076672,-0.17581498622894287
ctrl,train/entropy_loss,2080768,-0.17678453028202057
ctrl,train/entropy_loss,2084864,-0.16050037741661072
ctrl,train/entropy_loss,2088960,-0.17638951539993286
ctrl,train/entropy_loss,2093056,-0.16597050428390503
ctrl,train/entropy_loss,2097152,-0.16316664218902588
ctrl,train/entropy_loss,2101248,-0.16101914644241333
ctrl,train/entropy_loss,2105344,-0.1700887829065323
ctrl,train/entropy_loss,2109440,-0.1635870635509491
ctrl,train/entropy_loss,2113536,-0.165968656539917
ctrl,train/entropy_loss,2117632,-0.16750270128250122
ctrl,train/entropy_loss,2121728,-0.1655021458864212
ctrl,train/entropy_loss,2125824,-0.163760706782341
ctrl,train/entropy_loss,2129920,-0.16276168823242188
ctrl,train/entropy_loss,2134016,-0.17918340861797333
ctrl,train/entropy_loss,2138112,-0.1643972545862198
ctrl,train/entropy_loss,2142208,-0.1615503430366516
ctrl,train/entropy_loss,2146304,-0.158403679728508
ctrl,train/entropy_loss,2150400,-0.16004730761051178
ctrl,train/entropy_loss,2154496,-0.15991093218326569
ctrl,train/entropy_loss,2158592,-0.1588238626718521
ctrl,train/entropy_loss,2162688,-0.1687777191400528
ctrl,train/entropy_loss,2166784,-0.17607234418392181
ctrl,train/entropy_loss,2170880,-0.16804318130016327
ctrl,train/entropy_loss,2174976,-0.17438502609729767
ctrl,train/entropy_loss,2179072,-0.17543980479240417
ctrl,train/entropy_loss,2183168,-0.17555658519268036
ctrl,train/entropy_loss,2187264,-0.17473724484443665
ctrl,train/entropy_loss,2191360,-0.1671919971704483
ctrl,train/entropy_loss,2195456,-0.16508719325065613
ctrl,train/entropy_loss,2199552,-0.17093074321746826
ctrl,train/entropy_loss,2203648,-0.17042092978954315
ctrl,train/entropy_loss,2207744,-0.17081260681152344
ctrl,train/entropy_loss,2211840,-0.1782161146402359
ctrl,train/entropy_loss,2215936,-0.17217272520065308
ctrl,train/entropy_loss,2220032,-0.17322105169296265
ctrl,train/entropy_loss,2224128,-0.17128151655197144
ctrl,train/entropy_loss,2228224,-0.16165593266487122
ctrl,train/entropy_loss,2232320,-0.16417035460472107
ctrl,train/entropy_loss,2236416,-0.1622810810804367
ctrl,train/entropy_loss,2240512,-0.15848736464977264
ctrl,train/entropy_loss,2244608,-0.157695472240448
ctrl,train/entropy_loss,2248704,-0.17062059044837952
ctrl,train/entropy_loss,2252800,-0.17295289039611816
ctrl,train/entropy_loss,2256896,-0.15633663535118103
ctrl,train/entropy_loss,2260992,-0.16374504566192627
ctrl,train/entropy_loss,2265088,-0.16046735644340515
ctrl,train/entropy_loss,2269184,-0.15520240366458893
ctrl,train/entropy_loss,2273280,-0.15859901905059814
ctrl,train/entropy_loss,2277376,-0.16119231283664703
ctrl,train/entropy_loss,2281472,-0.15383002161979675
ctrl,train/entropy_loss,2285568,-0.17139843106269836
ctrl,train/entropy_loss,2293760,-0.15236623585224152
ctrl,train/entropy_loss,2297856,-0.16465309262275696
ctrl,train/entropy_loss,2301952,-0.15662765502929688
ctrl,train/entropy_loss,2306048,-0.15359415113925934
ctrl,train/entropy_loss,2310144,-0.1578064262866974
ctrl,train/entropy_loss,2314240,-0.18072541058063507
ctrl,train/entropy_loss,2318336,-0.1641198992729187
ctrl,train/entropy_loss,2322432,-0.15981276333332062
ctrl,train/entropy_loss,2326528,-0.15732361376285553
ctrl,train/entropy_loss,2330624,-0.15817807614803314
ctrl,train/entropy_loss,2334720,-0.15476690232753754
ctrl,train/entropy_loss,2338816,-0.15600556135177612
ctrl,train/entropy_loss,2342912,-0.16732271015644073
ctrl,train/entropy_loss,2347008,-0.1693672388792038
ctrl,train/entropy_loss,2351104,-0.17244628071784973
ctrl,train/entropy_loss,2355200,-0.16973447799682617
ctrl,train/entropy_loss,2359296,-0.1619669497013092
ctrl,train/entropy_loss,2363392,-0.15535955131053925
ctrl,train/entropy_loss,2367488,-0.16249141097068787
ctrl,train/entropy_loss,2371584,-0.15919119119644165
ctrl,train/entropy_loss,2375680,-0.15736961364746094
ctrl,train/entropy_loss,2379776,-0.15752765536308289
ctrl,train/entropy_loss,2383872,-0.15109789371490479
ctrl,train/entropy_loss,2387968,-0.15920163691043854
ctrl,train/entropy_loss,2392064,-0.15914815664291382
ctrl,train/entropy_loss,2396160,-0.16082324087619781
ctrl,train/entropy_loss,2400256,-0.16586974263191223
ctrl,train/entropy_loss,2404352,-0.16473814845085144
ctrl,train/entropy_loss,2408448,-0.16372118890285492
ctrl,train/entropy_loss,2412544,-0.16414712369441986
ctrl,train/entropy_loss,2416640,-0.14514559507369995
ctrl,train/entropy_loss,2420736,-0.14471344649791718
ctrl,train/entropy_loss,2424832,-0.1516389548778534
ctrl,train/entropy_loss,2428928,-0.1582084745168686
ctrl,train/entropy_loss,2433024,-0.1580865979194641
ctrl,train/entropy_loss,2437120,-0.15368035435676575
ctrl,train/entropy_loss,2441216,-0.15776565670967102
ctrl,train/entropy_loss,2445312,-0.16298598051071167
ctrl,train/entropy_loss,2449408,-0.16134010255336761
ctrl,train/entropy_loss,2453504,-0.17082332074642181
ctrl,train/entropy_loss,2457600,-0.17450003325939178
ctrl,train/entropy_loss,2461696,-0.17005346715450287
ctrl,train/entropy_loss,2465792,-0.1624932736158371
ctrl,train/entropy_loss,2469888,-0.16492368280887604
ctrl,train/entropy_loss,2473984,-0.15714271366596222
ctrl,train/entropy_loss,2478080,-0.17903737723827362
ctrl,train/entropy_loss,2482176,-0.15752390027046204
ctrl,train/entropy_loss,2486272,-0.17122556269168854
ctrl,train/entropy_loss,2490368,-0.1701350063085556
ctrl,train/entropy_loss,2494464,-0.1782490313053131
ctrl,train/entropy_loss,2498560,-0.17173509299755096
ctrl,train/entropy_loss,2502656,-0.1628810614347458
ctrl,train/entropy_loss,2506752,-0.16908593475818634
ctrl,train/entropy_loss,2510848,-0.16097001731395721
ctrl,train/entropy_loss,2514944,-0.17136383056640625
ctrl,train/entropy_loss,2519040,-0.16641633212566376
ctrl,train/entropy_loss,2523136,-0.1644568294286728
ctrl,train/entropy_loss,2527232,-0.16401883959770203
ctrl,train/entropy_loss,2531328,-0.1549389362335205
ctrl,train/entropy_loss,2535424,-0.14203348755836487
ctrl,train/entropy_loss,2539520,-0.15675413608551025
ctrl,train/entropy_loss,2547712,-0.1712583303451538
ctrl,train/entropy_loss,2551808,-0.15727289021015167
ctrl,train/entropy_loss,2555904,-0.1737055629491806
ctrl,train/entropy_loss,2560000,-0.15609516203403473
ctrl,train/entropy_loss,2564096,-0.1565394103527069
ctrl,train/entropy_loss,2568192,-0.1557515561580658
ctrl,train/entropy_loss,2572288,-0.16124504804611206
ctrl,train/entropy_loss,2576384,-0.1500401496887207
ctrl,train/entropy_loss,2580480,-0.15304334461688995
ctrl,train/entropy_loss,2584576,-0.15305903553962708
ctrl,train/entropy_loss,2588672,-0.1552872657775879
ctrl,train/entropy_loss,2592768,-0.15493276715278625
ctrl,train/entropy_loss,2596864,-0.1674141138792038
ctrl,train/entropy_loss,2600960,-0.16340015828609467
ctrl,train/entropy_loss,2605056,-0.16231201589107513
ctrl,train/entropy_loss,2609152,-0.16493773460388184
ctrl,train/entropy_loss,2613248,-0.16132473945617676
ctrl,train/entropy_loss,2617344,-0.16013607382774353
ctrl,train/entropy_loss,2621440,-0.16289854049682617
ctrl,train/entropy_loss,2625536,-0.16881966590881348
ctrl,train/entropy_loss,2629632,-0.1662130504846573
ctrl,train/entropy_loss,2633728,-0.1632249653339386
ctrl,train/entropy_loss,2637824,-0.16840343177318573
ctrl,train/entropy_loss,2641920,-0.15909533202648163
ctrl,train/entropy_loss,2646016,-0.16852396726608276
ctrl,train/entropy_loss,2650112,-0.16713736951351166
ctrl,train/entropy_loss,2654208,-0.1695999950170517
ctrl,train/entropy_loss,2658304,-0.17126572132110596
ctrl,train/entropy_loss,2662400,-0.183177188038826
ctrl,train/entropy_loss,2666496,-0.1781100332736969
ctrl,train/entropy_loss,2670592,-0.18262875080108643
ctrl,train/entropy_loss,2674688,-0.17763371765613556
ctrl,train/entropy_loss,2678784,-0.16770236194133759
ctrl,train/entropy_loss,2682880,-0.16956575214862823
ctrl,train/entropy_loss,2686976,-0.16401705145835876
ctrl,train/entropy_loss,2691072,-0.16134598851203918
ctrl,train/entropy_loss,2695168,-0.15291477739810944
ctrl,train/entropy_loss,2699264,-0.17822101712226868
ctrl,train/entropy_loss,2703360,-0.16464641690254211
ctrl,train/entropy_loss,2707456,-0.15940769016742706
ctrl,train/entropy_loss,2711552,-0.1544845998287201
ctrl,train/entropy_loss,2715648,-0.16260771453380585
ctrl,train/entropy_loss,2719744,-0.16445866227149963
ctrl,train/entropy_loss,2723840,-0.16976460814476013
ctrl,train/entropy_loss,2727936,-0.15507909655570984
ctrl,train/entropy_loss,2732032,-0.15220747888088226
ctrl,train/entropy_loss,2736128,-0.1471499651670456
ctrl,train/entropy_loss,2740224,-0.15579639375209808
ctrl,train/entropy_loss,2744320,-0.15474317967891693
ctrl,train/entropy_loss,2748416,-0.1521352082490921
ctrl,train/entropy_loss,2752512,-0.15568718314170837
ctrl,train/entropy_loss,2756608,-0.13890838623046875
ctrl,train/entropy_loss,2760704,-0.14963427186012268
ctrl,train/entropy_loss,2764800,-0.14298145473003387
ctrl,train/entropy_loss,2768896,-0.14296598732471466
ctrl,train/entropy_loss,2772992,-0.1462019383907318
ctrl,train/entropy_loss,2777088,-0.1480591595172882
ctrl,train/entropy_loss,2781184,-0.14108611643314362
ctrl,train/entropy_loss,2785280,-0.1458204984664917
ctrl,train/entropy_loss,2789376,-0.15765583515167236
ctrl,train/entropy_loss,2793472,-0.15459683537483215
ctrl,train/entropy_loss,2801664,-0.15426066517829895
ctrl,train/entropy_loss,2805760,-0.15938077867031097
ctrl,train/entropy_loss,2809856,-0.15255844593048096
ctrl,train/entropy_loss,2813952,-0.1617431342601776
ctrl,train/entropy_loss,2818048,-0.15902547538280487
ctrl,train/entropy_loss,2822144,-0.16186724603176117
ctrl,train/entropy_loss,2826240,-0.15122199058532715
ctrl,train/entropy_loss,2830336,-0.13559553027153015
ctrl,train/entropy_loss,2834432,-0.12437482178211212
ctrl,train/entropy_loss,2838528,-0.13959388434886932
ctrl,train/entropy_loss,2842624,-0.15508975088596344
ctrl,train/entropy_loss,2846720,-0.1492581069469452
ctrl,train/entropy_loss,2850816,-0.1560266613960266
ctrl,train/entropy_loss,2854912,-0.15323589742183685
ctrl,train/entropy_loss,2859008,-0.15362845361232758
ctrl,train/entropy_loss,2863104,-0.14924509823322296
ctrl,train/entropy_loss,2867200,-0.1464693397283554
ctrl,train/entropy_loss,2871296,-0.14490404725074768
ctrl,train/entropy_loss,2875392,-0.1536489725112915
ctrl,train/entropy_loss,2879488,-0.14647887647151947
ctrl,train/entropy_loss,2883584,-0.1522485315799713
ctrl,train/entropy_loss,2887680,-0.14691829681396484
ctrl,train/entropy_loss,2891776,-0.15061478316783905
ctrl,train/entropy_loss,2895872,-0.14458873867988586
ctrl,train/entropy_loss,2899968,-0.13117830455303192
ctrl,train/entropy_loss,2904064,-0.14417783915996552
ctrl,train/entropy_loss,2908160,-0.1622818559408188
ctrl,train/entropy_loss,2912256,-0.15786212682724
ctrl,train/entropy_loss,2916352,-0.15334129333496094
ctrl,train/entropy_loss,2920448,-0.15115749835968018
ctrl,train/entropy_loss,2924544,-0.1589175909757614
ctrl,train/entropy_loss,2928640,-0.15398383140563965
ctrl,train/entropy_loss,2932736,-0.14881883561611176
ctrl,train/entropy_loss,2936832,-0.1615360528230667
ctrl,train/entropy_loss,2940928,-0.16114412248134613
ctrl,train/entropy_loss,2945024,-0.15300488471984863
ctrl,train/entropy_loss,2949120,-0.1600666046142578
ctrl,train/entropy_loss,2953216,-0.15521986782550812
ctrl,train/entropy_loss,2957312,-0.15318770706653595
ctrl,train/entropy_loss,2961408,-0.1542225033044815
ctrl,train/entropy_loss,2965504,-0.16086550056934357
ctrl,train/entropy_loss,2969600,-0.148427814245224
ctrl,train/entropy_loss,2973696,-0.14827430248260498
ctrl,train/entropy_loss,2977792,-0.1552077829837799
ctrl,train/entropy_loss,2981888,-0.1502303034067154
ctrl,train/entropy_loss,2985984,-0.14782482385635376
ctrl,train/entropy_loss,2990080,-0.15817102789878845
ctrl,train/entropy_loss,2994176,-0.1576220989227295
ctrl,train/entropy_loss,2998272,-0.15721501410007477
ctrl,train/entropy_loss,3002368,-0.16092222929000854
ctrl,train/entropy_loss,3006464,-0.15083743631839752
ctrl,train/entropy_loss,3010560,-0.15131032466888428
ctrl,train/entropy_loss,3014656,-0.1455947756767273
ctrl,train/entropy_loss,3018752,-0.15615077316761017
ctrl,train/entropy_loss,3022848,-0.15017414093017578
ctrl,train/entropy_loss,3026944,-0.14698480069637299
ctrl,train/entropy_loss,3031040,-0.15211395919322968
ctrl,train/entropy_loss,3035136,-0.15327319502830505
ctrl,train/entropy_loss,3039232,-0.14637668430805206
ctrl,train/entropy_loss,3043328,-0.16491544246673584
ctrl,train/entropy_loss,3047424,-0.15075792372226715
ctrl,train/ent_coef_effective,4096,0.009999999776482582
ctrl,train/ent_coef_effective,8192,0.009999999776482582
ctrl,train/ent_coef_effective,12288,0.009999999776482582
ctrl,train/ent_coef_effective,16384,0.009999999776482582
ctrl,train/ent_coef_effective,20480,0.009999999776482582
ctrl,train/ent_coef_effective,24576,0.009999999776482582
ctrl,train/ent_coef_effective,28672,0.009999999776482582
ctrl,train/ent_coef_effective,32768,0.009999999776482582
ctrl,train/ent_coef_effective,36864,0.009999999776482582
ctrl,train/ent_coef_effective,40960,0.009999999776482582
ctrl,train/ent_coef_effective,45056,0.009999999776482582
ctrl,train/ent_coef_effective,49152,0.009999999776482582
ctrl,train/ent_coef_effective,53248,0.009999999776482582
ctrl,train/ent_coef_effective,57344,0.009999999776482582
ctrl,train/ent_coef_effective,61440,0.009999999776482582
ctrl,train/ent_coef_effective,65536,0.009999999776482582
ctrl,train/ent_coef_effective,69632,0.009999999776482582
ctrl,train/ent_coef_effective,73728,0.009999999776482582
ctrl,train/ent_coef_effective,77824,0.009999999776482582
ctrl,train/ent_coef_effective,81920,0.009999999776482582
ctrl,train/ent_coef_effective,86016,0.009999999776482582
ctrl,train/ent_coef_effective,90112,0.009999999776482582
ctrl,train/ent_coef_effective,94208,0.009999999776482582
ctrl,train/ent_coef_effective,98304,0.009999999776482582
ctrl,train/ent_coef_effective,102400,0.009999999776482582
ctrl,train/ent_coef_effective,106496,0.009999999776482582
ctrl,train/ent_coef_effective,110592,0.009999999776482582
ctrl,train/ent_coef_effective,114688,0.009999999776482582
ctrl,train/ent_coef_effective,118784,0.009999999776482582
ctrl,train/ent_coef_effective,122880,0.009999999776482582
ctrl,train/ent_coef_effective,126976,0.009999999776482582
ctrl,train/ent_coef_effective,131072,0.009999999776482582
ctrl,train/ent_coef_effective,135168,0.009999999776482582
ctrl,train/ent_coef_effective,139264,0.009999999776482582
ctrl,train/ent_coef_effective,143360,0.009999999776482582
ctrl,train/ent_coef_effective,147456,0.009999999776482582
ctrl,train/ent_coef_effective,151552,0.009999999776482582
ctrl,train/ent_coef_effective,155648,0.009999999776482582
ctrl,train/ent_coef_effective,159744,0.009999999776482582
ctrl,train/ent_coef_effective,163840,0.009999999776482582
ctrl,train/ent_coef_effective,167936,0.009999999776482582
ctrl,train/ent_coef_effective,172032,0.009999999776482582
ctrl,train/ent_coef_effective,176128,0.009999999776482582
ctrl,train/ent_coef_effective,180224,0.009999999776482582
ctrl,train/ent_coef_effective,184320,0.009999999776482582
ctrl,train/ent_coef_effective,188416,0.009999999776482582
ctrl,train/ent_coef_effective,192512,0.009999999776482582
ctrl,train/ent_coef_effective,196608,0.009999999776482582
ctrl,train/ent_coef_effective,200704,0.009999999776482582
ctrl,train/ent_coef_effective,204800,0.009999999776482582
ctrl,train/ent_coef_effective,208896,0.009999999776482582
ctrl,train/ent_coef_effective,212992,0.009999999776482582
ctrl,train/ent_coef_effective,217088,0.009999999776482582
ctrl,train/ent_coef_effective,221184,0.009999999776482582
ctrl,train/ent_coef_effective,225280,0.009999999776482582
ctrl,train/ent_coef_effective,229376,0.009999999776482582
ctrl,train/ent_coef_effective,233472,0.009999999776482582
ctrl,train/ent_coef_effective,237568,0.009999999776482582
ctrl,train/ent_coef_effective,241664,0.009999999776482582
ctrl,train/ent_coef_effective,245760,0.009999999776482582
ctrl,train/ent_coef_effective,249856,0.009999999776482582
ctrl,train/ent_coef_effective,253952,0.009999999776482582
ctrl,train/ent_coef_effective,258048,0.009999999776482582
ctrl,train/ent_coef_effective,262144,0.009999999776482582
ctrl,train/ent_coef_effective,266240,0.009999999776482582
ctrl,train/ent_coef_effective,270336,0.009999999776482582
ctrl,train/ent_coef_effective,274432,0.009999999776482582
ctrl,train/ent_coef_effective,278528,0.009999999776482582
ctrl,train/ent_coef_effective,282624,0.009999999776482582
ctrl,train/ent_coef_effective,286720,0.009999999776482582
ctrl,train/ent_coef_effective,290816,0.009999999776482582
ctrl,train/ent_coef_effective,294912,0.009999999776482582
ctrl,train/ent_coef_effective,299008,0.009999999776482582
ctrl,train/ent_coef_effective,303104,0.009999999776482582
ctrl,train/ent_coef_effective,307200,0.009999999776482582
ctrl,train/ent_coef_effective,311296,0.009999999776482582
ctrl,train/ent_coef_effective,315392,0.009999999776482582
ctrl,train/ent_coef_effective,319488,0.009999999776482582
ctrl,train/ent_coef_effective,323584,0.009999999776482582
ctrl,train/ent_coef_effective,327680,0.009999999776482582
ctrl,train/ent_coef_effective,331776,0.009999999776482582
ctrl,train/ent_coef_effective,335872,0.009999999776482582
ctrl,train/ent_coef_effective,339968,0.009999999776482582
ctrl,train/ent_coef_effective,344064,0.009999999776482582
ctrl,train/ent_coef_effective,348160,0.009999999776482582
ctrl,train/ent_coef_effective,352256,0.009999999776482582
ctrl,train/ent_coef_effective,356352,0.009999999776482582
ctrl,train/ent_coef_effective,360448,0.009999999776482582
ctrl,train/ent_coef_effective,364544,0.009999999776482582
ctrl,train/ent_coef_effective,368640,0.009999999776482582
ctrl,train/ent_coef_effective,372736,0.009999999776482582
ctrl,train/ent_coef_effective,376832,0.009999999776482582
ctrl,train/ent_coef_effective,380928,0.009999999776482582
ctrl,train/ent_coef_effective,385024,0.009999999776482582
ctrl,train/ent_coef_effective,389120,0.009999999776482582
ctrl,train/ent_coef_effective,393216,0.009999999776482582
ctrl,train/ent_coef_effective,397312,0.009999999776482582
ctrl,train/ent_coef_effective,401408,0.009999999776482582
ctrl,train/ent_coef_effective,405504,0.009999999776482582
ctrl,train/ent_coef_effective,409600,0.009999999776482582
ctrl,train/ent_coef_effective,413696,0.009999999776482582
ctrl,train/ent_coef_effective,417792,0.009999999776482582
ctrl,train/ent_coef_effective,421888,0.009999999776482582
ctrl,train/ent_coef_effective,425984,0.009999999776482582
ctrl,train/ent_coef_effective,430080,0.009999999776482582
ctrl,train/ent_coef_effective,434176,0.009999999776482582
ctrl,train/ent_coef_effective,438272,0.009999999776482582
ctrl,train/ent_coef_effective,442368,0.009999999776482582
ctrl,train/ent_coef_effective,446464,0.009999999776482582
ctrl,train/ent_coef_effective,450560,0.009999999776482582
ctrl,train/ent_coef_effective,454656,0.009999999776482582
ctrl,train/ent_coef_effective,458752,0.009999999776482582
ctrl,train/ent_coef_effective,462848,0.009999999776482582
ctrl,train/ent_coef_effective,466944,0.009999999776482582
ctrl,train/ent_coef_effective,471040,0.009999999776482582
ctrl,train/ent_coef_effective,475136,0.009999999776482582
ctrl,train/ent_coef_effective,479232,0.009999999776482582
ctrl,train/ent_coef_effective,483328,0.009999999776482582
ctrl,train/ent_coef_effective,487424,0.009999999776482582
ctrl,train/ent_coef_effective,491520,0.009999999776482582
ctrl,train/ent_coef_effective,495616,0.009999999776482582
ctrl,train/ent_coef_effective,499712,0.009999999776482582
ctrl,train/ent_coef_effective,503808,0.009999999776482582
ctrl,train/ent_coef_effective,507904,0.009999999776482582
ctrl,train/ent_coef_effective,512000,0.009999999776482582
ctrl,train/ent_coef_effective,516096,0.009999999776482582
ctrl,train/ent_coef_effective,520192,0.009999999776482582
ctrl,train/ent_coef_effective,524288,0.009999999776482582
ctrl,train/ent_coef_effective,528384,0.009999999776482582
ctrl,train/ent_coef_effective,532480,0.009999999776482582
ctrl,train/ent_coef_effective,536576,0.009999999776482582
ctrl,train/ent_coef_effective,540672,0.009999999776482582
ctrl,train/ent_coef_effective,544768,0.009999999776482582
ctrl,train/ent_coef_effective,548864,0.009999999776482582
ctrl,train/ent_coef_effective,552960,0.009999999776482582
ctrl,train/ent_coef_effective,557056,0.009999999776482582
ctrl,train/ent_coef_effective,561152,0.009999999776482582
ctrl,train/ent_coef_effective,565248,0.009999999776482582
ctrl,train/ent_coef_effective,569344,0.009999999776482582
ctrl,train/ent_coef_effective,573440,0.009999999776482582
ctrl,train/ent_coef_effective,577536,0.009999999776482582
ctrl,train/ent_coef_effective,581632,0.009999999776482582
ctrl,train/ent_coef_effective,585728,0.009999999776482582
ctrl,train/ent_coef_effective,589824,0.009999999776482582
ctrl,train/ent_coef_effective,593920,0.009999999776482582
ctrl,train/ent_coef_effective,598016,0.009999999776482582
ctrl,train/ent_coef_effective,602112,0.009999999776482582
ctrl,train/ent_coef_effective,606208,0.009999999776482582
ctrl,train/ent_coef_effective,610304,0.009999999776482582
ctrl,train/ent_coef_effective,614400,0.009999999776482582
ctrl,train/ent_coef_effective,618496,0.009999999776482582
ctrl,train/ent_coef_effective,622592,0.009999999776482582
ctrl,train/ent_coef_effective,626688,0.009999999776482582
ctrl,train/ent_coef_effective,630784,0.009999999776482582
ctrl,train/ent_coef_effective,634880,0.009999999776482582
ctrl,train/ent_coef_effective,638976,0.009999999776482582
ctrl,train/ent_coef_effective,643072,0.009999999776482582
ctrl,train/ent_coef_effective,647168,0.009999999776482582
ctrl,train/ent_coef_effective,651264,0.009999999776482582
ctrl,train/ent_coef_effective,655360,0.009999999776482582
ctrl,train/ent_coef_effective,659456,0.009999999776482582
ctrl,train/ent_coef_effective,663552,0.009999999776482582
ctrl,train/ent_coef_effective,667648,0.009999999776482582
ctrl,train/ent_coef_effective,671744,0.009999999776482582
ctrl,train/ent_coef_effective,675840,0.009999999776482582
ctrl,train/ent_coef_effective,679936,0.009999999776482582
ctrl,train/ent_coef_effective,684032,0.009999999776482582
ctrl,train/ent_coef_effective,688128,0.009999999776482582
ctrl,train/ent_coef_effective,692224,0.009999999776482582
ctrl,train/ent_coef_effective,696320,0.009999999776482582
ctrl,train/ent_coef_effective,700416,0.009999999776482582
ctrl,train/ent_coef_effective,704512,0.009999999776482582
ctrl,train/ent_coef_effective,708608,0.009999999776482582
ctrl,train/ent_coef_effective,712704,0.009999999776482582
ctrl,train/ent_coef_effective,716800,0.009999999776482582
ctrl,train/ent_coef_effective,720896,0.009999999776482582
ctrl,train/ent_coef_effective,724992,0.009999999776482582
ctrl,train/ent_coef_effective,729088,0.009999999776482582
ctrl,train/ent_coef_effective,733184,0.009999999776482582
ctrl,train/ent_coef_effective,737280,0.009999999776482582
ctrl,train/ent_coef_effective,741376,0.009999999776482582
ctrl,train/ent_coef_effective,745472,0.009999999776482582
ctrl,train/ent_coef_effective,749568,0.009999999776482582
ctrl,train/ent_coef_effective,753664,0.009999999776482582
ctrl,train/ent_coef_effective,757760,0.009999999776482582
ctrl,train/ent_coef_effective,761856,0.009999999776482582
ctrl,train/ent_coef_effective,765952,0.009999999776482582
ctrl,train/ent_coef_effective,770048,0.009999999776482582
ctrl,train/ent_coef_effective,774144,0.009999999776482582
ctrl,train/ent_coef_effective,778240,0.009999999776482582
ctrl,train/ent_coef_effective,782336,0.009999999776482582
ctrl,train/ent_coef_effective,786432,0.009999999776482582
ctrl,train/ent_coef_effective,790528,0.009999999776482582
ctrl,train/ent_coef_effective,794624,0.009999999776482582
ctrl,train/ent_coef_effective,798720,0.009999999776482582
ctrl,train/ent_coef_effective,802816,0.009999999776482582
ctrl,train/ent_coef_effective,806912,0.009999999776482582
ctrl,train/ent_coef_effective,811008,0.009999999776482582
ctrl,train/ent_coef_effective,815104,0.009999999776482582
ctrl,train/ent_coef_effective,819200,0.009999999776482582
ctrl,train/ent_coef_effective,823296,0.009999999776482582
ctrl,train/ent_coef_effective,827392,0.009999999776482582
ctrl,train/ent_coef_effective,831488,0.009999999776482582
ctrl,train/ent_coef_effective,835584,0.009999999776482582
ctrl,train/ent_coef_effective,839680,0.009999999776482582
ctrl,train/ent_coef_effective,843776,0.009999999776482582
ctrl,train/ent_coef_effective,847872,0.009999999776482582
ctrl,train/ent_coef_effective,851968,0.009999999776482582
ctrl,train/ent_coef_effective,856064,0.009999999776482582
ctrl,train/ent_coef_effective,860160,0.009999999776482582
ctrl,train/ent_coef_effective,864256,0.009999999776482582
ctrl,train/ent_coef_effective,868352,0.009999999776482582
ctrl,train/ent_coef_effective,872448,0.009999999776482582
ctrl,train/ent_coef_effective,876544,0.009999999776482582
ctrl,train/ent_coef_effective,880640,0.009999999776482582
ctrl,train/ent_coef_effective,884736,0.009999999776482582
ctrl,train/ent_coef_effective,888832,0.009999999776482582
ctrl,train/ent_coef_effective,892928,0.009999999776482582
ctrl,train/ent_coef_effective,897024,0.009999999776482582
ctrl,train/ent_coef_effective,901120,0.009999999776482582
ctrl,train/ent_coef_effective,905216,0.009999999776482582
ctrl,train/ent_coef_effective,909312,0.009999999776482582
ctrl,train/ent_coef_effective,913408,0.009999999776482582
ctrl,train/ent_coef_effective,917504,0.009999999776482582
ctrl,train/ent_coef_effective,921600,0.009999999776482582
ctrl,train/ent_coef_effective,925696,0.009999999776482582
ctrl,train/ent_coef_effective,929792,0.009999999776482582
ctrl,train/ent_coef_effective,933888,0.009999999776482582
ctrl,train/ent_coef_effective,937984,0.009999999776482582
ctrl,train/ent_coef_effective,942080,0.009999999776482582
ctrl,train/ent_coef_effective,946176,0.009999999776482582
ctrl,train/ent_coef_effective,950272,0.009999999776482582
ctrl,train/ent_coef_effective,954368,0.009999999776482582
ctrl,train/ent_coef_effective,958464,0.009999999776482582
ctrl,train/ent_coef_effective,962560,0.009999999776482582
ctrl,train/ent_coef_effective,966656,0.009999999776482582
ctrl,train/ent_coef_effective,970752,0.009999999776482582
ctrl,train/ent_coef_effective,974848,0.009999999776482582
ctrl,train/ent_coef_effective,978944,0.009999999776482582
ctrl,train/ent_coef_effective,983040,0.009999999776482582
ctrl,train/ent_coef_effective,987136,0.009999999776482582
ctrl,train/ent_coef_effective,991232,0.009999999776482582
ctrl,train/ent_coef_effective,995328,0.009999999776482582
ctrl,train/ent_coef_effective,999424,0.009999999776482582
ctrl,train/ent_coef_effective,1003520,0.009999999776482582
ctrl,train/ent_coef_effective,1007616,0.009999999776482582
ctrl,train/ent_coef_effective,1011712,0.009999999776482582
ctrl,train/ent_coef_effective,1015808,0.009999999776482582
ctrl,train/ent_coef_effective,1019904,0.009999999776482582
ctrl,train/ent_coef_effective,1024000,0.009999999776482582
ctrl,train/ent_coef_effective,1028096,0.009999999776482582
ctrl,train/ent_coef_effective,1032192,0.009999999776482582
ctrl,train/ent_coef_effective,1036288,0.009999999776482582
ctrl,train/ent_coef_effective,1040384,0.009999999776482582
ctrl,train/ent_coef_effective,1044480,0.009999999776482582
ctrl,train/ent_coef_effective,1048576,0.009999999776482582
ctrl,train/ent_coef_effective,1052672,0.009999999776482582
ctrl,train/ent_coef_effective,1056768,0.009999999776482582
ctrl,train/ent_coef_effective,1060864,0.009999999776482582
ctrl,train/ent_coef_effective,1064960,0.009999999776482582
ctrl,train/ent_coef_effective,1069056,0.009999999776482582
ctrl,train/ent_coef_effective,1073152,0.009999999776482582
ctrl,train/ent_coef_effective,1077248,0.009999999776482582
ctrl,train/ent_coef_effective,1081344,0.009999999776482582
ctrl,train/ent_coef_effective,1085440,0.009999999776482582
ctrl,train/ent_coef_effective,1089536,0.009999999776482582
ctrl,train/ent_coef_effective,1093632,0.009999999776482582
ctrl,train/ent_coef_effective,1097728,0.009999999776482582
ctrl,train/ent_coef_effective,1101824,0.009999999776482582
ctrl,train/ent_coef_effective,1105920,0.009999999776482582
ctrl,train/ent_coef_effective,1110016,0.009999999776482582
ctrl,train/ent_coef_effective,1114112,0.009999999776482582
ctrl,train/ent_coef_effective,1118208,0.009999999776482582
ctrl,train/ent_coef_effective,1122304,0.009999999776482582
ctrl,train/ent_coef_effective,1126400,0.009999999776482582
ctrl,train/ent_coef_effective,1130496,0.009999999776482582
ctrl,train/ent_coef_effective,1134592,0.009999999776482582
ctrl,train/ent_coef_effective,1138688,0.009999999776482582
ctrl,train/ent_coef_effective,1142784,0.009999999776482582
ctrl,train/ent_coef_effective,1146880,0.009999999776482582
ctrl,train/ent_coef_effective,1150976,0.009999999776482582
ctrl,train/ent_coef_effective,1155072,0.009999999776482582
ctrl,train/ent_coef_effective,1159168,0.009999999776482582
ctrl,train/ent_coef_effective,1163264,0.009999999776482582
ctrl,train/ent_coef_effective,1167360,0.009999999776482582
ctrl,train/ent_coef_effective,1171456,0.009999999776482582
ctrl,train/ent_coef_effective,1175552,0.009999999776482582
ctrl,train/ent_coef_effective,1179648,0.009999999776482582
ctrl,train/ent_coef_effective,1183744,0.009999999776482582
ctrl,train/ent_coef_effective,1187840,0.009999999776482582
ctrl,train/ent_coef_effective,1191936,0.009999999776482582
ctrl,train/ent_coef_effective,1196032,0.009999999776482582
ctrl,train/ent_coef_effective,1200128,0.009999999776482582
ctrl,train/ent_coef_effective,1204224,0.009999999776482582
ctrl,train/ent_coef_effective,1208320,0.009999999776482582
ctrl,train/ent_coef_effective,1212416,0.009999999776482582
ctrl,train/ent_coef_effective,1216512,0.009999999776482582
ctrl,train/ent_coef_effective,1220608,0.009999999776482582
ctrl,train/ent_coef_effective,1224704,0.009999999776482582
ctrl,train/ent_coef_effective,1228800,0.009999999776482582
ctrl,train/ent_coef_effective,1232896,0.009999999776482582
ctrl,train/ent_coef_effective,1236992,0.009999999776482582
ctrl,train/ent_coef_effective,1241088,0.009999999776482582
ctrl,train/ent_coef_effective,1245184,0.009999999776482582
ctrl,train/ent_coef_effective,1249280,0.009999999776482582
ctrl,train/ent_coef_effective,1253376,0.009999999776482582
ctrl,train/ent_coef_effective,1257472,0.009999999776482582
ctrl,train/ent_coef_effective,1261568,0.009999999776482582
ctrl,train/ent_coef_effective,1265664,0.009999999776482582
ctrl,train/ent_coef_effective,1269760,0.009999999776482582
ctrl,train/ent_coef_effective,1273856,0.009999999776482582
ctrl,train/ent_coef_effective,1277952,0.009999999776482582
ctrl,train/ent_coef_effective,1282048,0.009999999776482582
ctrl,train/ent_coef_effective,1286144,0.009999999776482582
ctrl,train/ent_coef_effective,1290240,0.009999999776482582
ctrl,train/ent_coef_effective,1294336,0.009999999776482582
ctrl,train/ent_coef_effective,1298432,0.009999999776482582
ctrl,train/ent_coef_effective,1302528,0.009999999776482582
ctrl,train/ent_coef_effective,1306624,0.009999999776482582
ctrl,train/ent_coef_effective,1310720,0.009999999776482582
ctrl,train/ent_coef_effective,1314816,0.009999999776482582
ctrl,train/ent_coef_effective,1318912,0.009999999776482582
ctrl,train/ent_coef_effective,1323008,0.009999999776482582
ctrl,train/ent_coef_effective,1327104,0.009999999776482582
ctrl,train/ent_coef_effective,1331200,0.009999999776482582
ctrl,train/ent_coef_effective,1335296,0.009999999776482582
ctrl,train/ent_coef_effective,1339392,0.009999999776482582
ctrl,train/ent_coef_effective,1343488,0.009999999776482582
ctrl,train/ent_coef_effective,1347584,0.009999999776482582
ctrl,train/ent_coef_effective,1351680,0.009999999776482582
ctrl,train/ent_coef_effective,1355776,0.009999999776482582
ctrl,train/ent_coef_effective,1359872,0.009999999776482582
ctrl,train/ent_coef_effective,1363968,0.009999999776482582
ctrl,train/ent_coef_effective,1368064,0.009999999776482582
ctrl,train/ent_coef_effective,1372160,0.009999999776482582
ctrl,train/ent_coef_effective,1376256,0.009999999776482582
ctrl,train/ent_coef_effective,1380352,0.009999999776482582
ctrl,train/ent_coef_effective,1384448,0.009999999776482582
ctrl,train/ent_coef_effective,1388544,0.009999999776482582
ctrl,train/ent_coef_effective,1392640,0.009999999776482582
ctrl,train/ent_coef_effective,1396736,0.009999999776482582
ctrl,train/ent_coef_effective,1400832,0.009999999776482582
ctrl,train/ent_coef_effective,1404928,0.009999999776482582
ctrl,train/ent_coef_effective,1409024,0.009999999776482582
ctrl,train/ent_coef_effective,1413120,0.009999999776482582
ctrl,train/ent_coef_effective,1417216,0.009999999776482582
ctrl,train/ent_coef_effective,1421312,0.009999999776482582
ctrl,train/ent_coef_effective,1425408,0.009999999776482582
ctrl,train/ent_coef_effective,1429504,0.009999999776482582
ctrl,train/ent_coef_effective,1433600,0.009999999776482582
ctrl,train/ent_coef_effective,1437696,0.009999999776482582
ctrl,train/ent_coef_effective,1441792,0.009999999776482582
ctrl,train/ent_coef_effective,1445888,0.009999999776482582
ctrl,train/ent_coef_effective,1449984,0.009999999776482582
ctrl,train/ent_coef_effective,1454080,0.009999999776482582
ctrl,train/ent_coef_effective,1458176,0.009999999776482582
ctrl,train/ent_coef_effective,1462272,0.009999999776482582
ctrl,train/ent_coef_effective,1466368,0.009999999776482582
ctrl,train/ent_coef_effective,1470464,0.009999999776482582
ctrl,train/ent_coef_effective,1474560,0.009999999776482582
ctrl,train/ent_coef_effective,1478656,0.009999999776482582
ctrl,train/ent_coef_effective,1482752,0.009999999776482582
ctrl,train/ent_coef_effective,1486848,0.009999999776482582
ctrl,train/ent_coef_effective,1490944,0.009999999776482582
ctrl,train/ent_coef_effective,1495040,0.009999999776482582
ctrl,train/ent_coef_effective,1499136,0.009999999776482582
ctrl,train/ent_coef_effective,1503232,0.009999999776482582
ctrl,train/ent_coef_effective,1507328,0.009999999776482582
ctrl,train/ent_coef_effective,1511424,0.009999999776482582
ctrl,train/ent_coef_effective,1515520,0.009999999776482582
ctrl,train/ent_coef_effective,1519616,0.009999999776482582
ctrl,train/ent_coef_effective,1523712,0.009999999776482582
ctrl,train/ent_coef_effective,1527808,0.009999999776482582
ctrl,train/ent_coef_effective,1531904,0.009999999776482582
ctrl,train/ent_coef_effective,1536000,0.009999999776482582
ctrl,train/ent_coef_effective,1540096,0.009999999776482582
ctrl,train/ent_coef_effective,1544192,0.009999999776482582
ctrl,train/ent_coef_effective,1548288,0.009999999776482582
ctrl,train/ent_coef_effective,1552384,0.009999999776482582
ctrl,train/ent_coef_effective,1556480,0.009999999776482582
ctrl,train/ent_coef_effective,1560576,0.009999999776482582
ctrl,train/ent_coef_effective,1564672,0.009999999776482582
ctrl,train/ent_coef_effective,1568768,0.009999999776482582
ctrl,train/ent_coef_effective,1572864,0.009999999776482582
ctrl,train/ent_coef_effective,1576960,0.009999999776482582
ctrl,train/ent_coef_effective,1581056,0.009999999776482582
ctrl,train/ent_coef_effective,1585152,0.009999999776482582
ctrl,train/ent_coef_effective,1589248,0.009999999776482582
ctrl,train/ent_coef_effective,1593344,0.009999999776482582
ctrl,train/ent_coef_effective,1597440,0.009999999776482582
ctrl,train/ent_coef_effective,1601536,0.009999999776482582
ctrl,train/ent_coef_effective,1605632,0.009999999776482582
ctrl,train/ent_coef_effective,1609728,0.009999999776482582
ctrl,train/ent_coef_effective,1613824,0.009999999776482582
ctrl,train/ent_coef_effective,1617920,0.009999999776482582
ctrl,train/ent_coef_effective,1622016,0.009999999776482582
ctrl,train/ent_coef_effective,1626112,0.009999999776482582
ctrl,train/ent_coef_effective,1630208,0.009999999776482582
ctrl,train/ent_coef_effective,1634304,0.009999999776482582
ctrl,train/ent_coef_effective,1638400,0.009999999776482582
ctrl,train/ent_coef_effective,1642496,0.009999999776482582
ctrl,train/ent_coef_effective,1646592,0.009999999776482582
ctrl,train/ent_coef_effective,1650688,0.009999999776482582
ctrl,train/ent_coef_effective,1654784,0.009999999776482582
ctrl,train/ent_coef_effective,1658880,0.009999999776482582
ctrl,train/ent_coef_effective,1662976,0.009999999776482582
ctrl,train/ent_coef_effective,1667072,0.009999999776482582
ctrl,train/ent_coef_effective,1671168,0.009999999776482582
ctrl,train/ent_coef_effective,1675264,0.009999999776482582
ctrl,train/ent_coef_effective,1679360,0.009999999776482582
ctrl,train/ent_coef_effective,1683456,0.009999999776482582
ctrl,train/ent_coef_effective,1687552,0.009999999776482582
ctrl,train/ent_coef_effective,1691648,0.009999999776482582
ctrl,train/ent_coef_effective,1695744,0.009999999776482582
ctrl,train/ent_coef_effective,1699840,0.009999999776482582
ctrl,train/ent_coef_effective,1703936,0.009999999776482582
ctrl,train/ent_coef_effective,1708032,0.009999999776482582
ctrl,train/ent_coef_effective,1712128,0.009999999776482582
ctrl,train/ent_coef_effective,1716224,0.009999999776482582
ctrl,train/ent_coef_effective,1720320,0.009999999776482582
ctrl,train/ent_coef_effective,1724416,0.009999999776482582
ctrl,train/ent_coef_effective,1728512,0.009999999776482582
ctrl,train/ent_coef_effective,1732608,0.009999999776482582
ctrl,train/ent_coef_effective,1736704,0.009999999776482582
ctrl,train/ent_coef_effective,1740800,0.009999999776482582
ctrl,train/ent_coef_effective,1744896,0.009999999776482582
ctrl,train/ent_coef_effective,1748992,0.009999999776482582
ctrl,train/ent_coef_effective,1753088,0.009999999776482582
ctrl,train/ent_coef_effective,1757184,0.009999999776482582
ctrl,train/ent_coef_effective,1761280,0.009999999776482582
ctrl,train/ent_coef_effective,1765376,0.009999999776482582
ctrl,train/ent_coef_effective,1769472,0.009999999776482582
ctrl,train/ent_coef_effective,1773568,0.009999999776482582
ctrl,train/ent_coef_effective,1777664,0.009999999776482582
ctrl,train/ent_coef_effective,1781760,0.009999999776482582
ctrl,train/ent_coef_effective,1785856,0.009999999776482582
ctrl,train/ent_coef_effective,1789952,0.009999999776482582
ctrl,train/ent_coef_effective,1794048,0.009999999776482582
ctrl,train/ent_coef_effective,1798144,0.009999999776482582
ctrl,train/ent_coef_effective,1802240,0.009999999776482582
ctrl,train/ent_coef_effective,1806336,0.009999999776482582
ctrl,train/ent_coef_effective,1810432,0.009999999776482582
ctrl,train/ent_coef_effective,1814528,0.009999999776482582
ctrl,train/ent_coef_effective,1818624,0.009999999776482582
ctrl,train/ent_coef_effective,1822720,0.009999999776482582
ctrl,train/ent_coef_effective,1826816,0.009999999776482582
ctrl,train/ent_coef_effective,1830912,0.009999999776482582
ctrl,train/ent_coef_effective,1835008,0.009999999776482582
ctrl,train/ent_coef_effective,1839104,0.009999999776482582
ctrl,train/ent_coef_effective,1843200,0.009999999776482582
ctrl,train/ent_coef_effective,1847296,0.009999999776482582
ctrl,train/ent_coef_effective,1851392,0.009999999776482582
ctrl,train/ent_coef_effective,1855488,0.009999999776482582
ctrl,train/ent_coef_effective,1859584,0.009999999776482582
ctrl,train/ent_coef_effective,1863680,0.009999999776482582
ctrl,train/ent_coef_effective,1867776,0.009999999776482582
ctrl,train/ent_coef_effective,1871872,0.009999999776482582
ctrl,train/ent_coef_effective,1875968,0.009999999776482582
ctrl,train/ent_coef_effective,1880064,0.009999999776482582
ctrl,train/ent_coef_effective,1884160,0.009999999776482582
ctrl,train/ent_coef_effective,1888256,0.009999999776482582
ctrl,train/ent_coef_effective,1892352,0.009999999776482582
ctrl,train/ent_coef_effective,1896448,0.009999999776482582
ctrl,train/ent_coef_effective,1900544,0.009999999776482582
ctrl,train/ent_coef_effective,1904640,0.009999999776482582
ctrl,train/ent_coef_effective,1908736,0.009999999776482582
ctrl,train/ent_coef_effective,1912832,0.009999999776482582
ctrl,train/ent_coef_effective,1916928,0.009999999776482582
ctrl,train/ent_coef_effective,1921024,0.009999999776482582
ctrl,train/ent_coef_effective,1925120,0.009999999776482582
ctrl,train/ent_coef_effective,1929216,0.009999999776482582
ctrl,train/ent_coef_effective,1933312,0.009999999776482582
ctrl,train/ent_coef_effective,1937408,0.009999999776482582
ctrl,train/ent_coef_effective,1941504,0.009999999776482582
ctrl,train/ent_coef_effective,1945600,0.009999999776482582
ctrl,train/ent_coef_effective,1949696,0.009999999776482582
ctrl,train/ent_coef_effective,1953792,0.009999999776482582
ctrl,train/ent_coef_effective,1957888,0.009999999776482582
ctrl,train/ent_coef_effective,1961984,0.009999999776482582
ctrl,train/ent_coef_effective,1966080,0.009999999776482582
ctrl,train/ent_coef_effective,1970176,0.009999999776482582
ctrl,train/ent_coef_effective,1974272,0.009999999776482582
ctrl,train/ent_coef_effective,1978368,0.009999999776482582
ctrl,train/ent_coef_effective,1982464,0.009999999776482582
ctrl,train/ent_coef_effective,1986560,0.009999999776482582
ctrl,train/ent_coef_effective,1990656,0.009999999776482582
ctrl,train/ent_coef_effective,1994752,0.009999999776482582
ctrl,train/ent_coef_effective,1998848,0.009999999776482582
ctrl,train/ent_coef_effective,2002944,0.009999999776482582
ctrl,train/ent_coef_effective,2007040,0.009999999776482582
ctrl,train/ent_coef_effective,2011136,0.009999999776482582
ctrl,train/ent_coef_effective,2015232,0.009999999776482582
ctrl,train/ent_coef_effective,2019328,0.009999999776482582
ctrl,train/ent_coef_effective,2023424,0.009999999776482582
ctrl,train/ent_coef_effective,2027520,0.009999999776482582
ctrl,train/ent_coef_effective,2031616,0.009999999776482582
ctrl,train/ent_coef_effective,2035712,0.009999999776482582
ctrl,train/ent_coef_effective,2039808,0.009999999776482582
ctrl,train/ent_coef_effective,2043904,0.009999999776482582
ctrl,train/ent_coef_effective,2048000,0.009999999776482582
ctrl,train/ent_coef_effective,2052096,0.009999999776482582
ctrl,train/ent_coef_effective,2056192,0.009999999776482582
ctrl,train/ent_coef_effective,2060288,0.009999999776482582
ctrl,train/ent_coef_effective,2064384,0.009999999776482582
ctrl,train/ent_coef_effective,2068480,0.009999999776482582
ctrl,train/ent_coef_effective,2072576,0.009999999776482582
ctrl,train/ent_coef_effective,2076672,0.009999999776482582
ctrl,train/ent_coef_effective,2080768,0.009999999776482582
ctrl,train/ent_coef_effective,2084864,0.009999999776482582
ctrl,train/ent_coef_effective,2088960,0.009999999776482582
ctrl,train/ent_coef_effective,2093056,0.009999999776482582
ctrl,train/ent_coef_effective,2097152,0.009999999776482582
ctrl,train/ent_coef_effective,2101248,0.009999999776482582
ctrl,train/ent_coef_effective,2105344,0.009999999776482582
ctrl,train/ent_coef_effective,2109440,0.009999999776482582
ctrl,train/ent_coef_effective,2113536,0.009999999776482582
ctrl,train/ent_coef_effective,2117632,0.009999999776482582
ctrl,train/ent_coef_effective,2121728,0.009999999776482582
ctrl,train/ent_coef_effective,2125824,0.009999999776482582
ctrl,train/ent_coef_effective,2129920,0.009999999776482582
ctrl,train/ent_coef_effective,2134016,0.009999999776482582
ctrl,train/ent_coef_effective,2138112,0.009999999776482582
ctrl,train/ent_coef_effective,2142208,0.009999999776482582
ctrl,train/ent_coef_effective,2146304,0.009999999776482582
ctrl,train/ent_coef_effective,2150400,0.009999999776482582
ctrl,train/ent_coef_effective,2154496,0.009999999776482582
ctrl,train/ent_coef_effective,2158592,0.009999999776482582
ctrl,train/ent_coef_effective,2162688,0.009999999776482582
ctrl,train/ent_coef_effective,2166784,0.009999999776482582
ctrl,train/ent_coef_effective,2170880,0.009999999776482582
ctrl,train/ent_coef_effective,2174976,0.009999999776482582
ctrl,train/ent_coef_effective,2179072,0.009999999776482582
ctrl,train/ent_coef_effective,2183168,0.009999999776482582
ctrl,train/ent_coef_effective,2187264,0.009999999776482582
ctrl,train/ent_coef_effective,2191360,0.009999999776482582
ctrl,train/ent_coef_effective,2195456,0.009999999776482582
ctrl,train/ent_coef_effective,2199552,0.009999999776482582
ctrl,train/ent_coef_effective,2203648,0.009999999776482582
ctrl,train/ent_coef_effective,2207744,0.009999999776482582
ctrl,train/ent_coef_effective,2211840,0.009999999776482582
ctrl,train/ent_coef_effective,2215936,0.009999999776482582
ctrl,train/ent_coef_effective,2220032,0.009999999776482582
ctrl,train/ent_coef_effective,2224128,0.009999999776482582
ctrl,train/ent_coef_effective,2228224,0.009999999776482582
ctrl,train/ent_coef_effective,2232320,0.009999999776482582
ctrl,train/ent_coef_effective,2236416,0.009999999776482582
ctrl,train/ent_coef_effective,2240512,0.009999999776482582
ctrl,train/ent_coef_effective,2244608,0.009999999776482582
ctrl,train/ent_coef_effective,2248704,0.009999999776482582
ctrl,train/ent_coef_effective,2252800,0.009999999776482582
ctrl,train/ent_coef_effective,2256896,0.009999999776482582
ctrl,train/ent_coef_effective,2260992,0.009999999776482582
ctrl,train/ent_coef_effective,2265088,0.009999999776482582
ctrl,train/ent_coef_effective,2269184,0.009999999776482582
ctrl,train/ent_coef_effective,2273280,0.009999999776482582
ctrl,train/ent_coef_effective,2277376,0.009999999776482582
ctrl,train/ent_coef_effective,2281472,0.009999999776482582
ctrl,train/ent_coef_effective,2285568,0.009999999776482582
ctrl,train/ent_coef_effective,2289664,0.009999999776482582
ctrl,train/ent_coef_effective,2293760,0.009999999776482582
ctrl,train/ent_coef_effective,2297856,0.009999999776482582
ctrl,train/ent_coef_effective,2301952,0.009999999776482582
ctrl,train/ent_coef_effective,2306048,0.009999999776482582
ctrl,train/ent_coef_effective,2310144,0.009999999776482582
ctrl,train/ent_coef_effective,2314240,0.009999999776482582
ctrl,train/ent_coef_effective,2318336,0.009999999776482582
ctrl,train/ent_coef_effective,2322432,0.009999999776482582
ctrl,train/ent_coef_effective,2326528,0.009999999776482582
ctrl,train/ent_coef_effective,2330624,0.009999999776482582
ctrl,train/ent_coef_effective,2334720,0.009999999776482582
ctrl,train/ent_coef_effective,2338816,0.009999999776482582
ctrl,train/ent_coef_effective,2342912,0.009999999776482582
ctrl,train/ent_coef_effective,2347008,0.009999999776482582
ctrl,train/ent_coef_effective,2351104,0.009999999776482582
ctrl,train/ent_coef_effective,2355200,0.009999999776482582
ctrl,train/ent_coef_effective,2359296,0.009999999776482582
ctrl,train/ent_coef_effective,2363392,0.009999999776482582
ctrl,train/ent_coef_effective,2367488,0.009999999776482582
ctrl,train/ent_coef_effective,2371584,0.009999999776482582
ctrl,train/ent_coef_effective,2375680,0.009999999776482582
ctrl,train/ent_coef_effective,2379776,0.009999999776482582
ctrl,train/ent_coef_effective,2383872,0.009999999776482582
ctrl,train/ent_coef_effective,2387968,0.009999999776482582
ctrl,train/ent_coef_effective,2392064,0.009999999776482582
ctrl,train/ent_coef_effective,2396160,0.009999999776482582
ctrl,train/ent_coef_effective,2400256,0.009999999776482582
ctrl,train/ent_coef_effective,2404352,0.009999999776482582
ctrl,train/ent_coef_effective,2408448,0.009999999776482582
ctrl,train/ent_coef_effective,2412544,0.009999999776482582
ctrl,train/ent_coef_effective,2416640,0.009999999776482582
ctrl,train/ent_coef_effective,2420736,0.009999999776482582
ctrl,train/ent_coef_effective,2424832,0.009999999776482582
ctrl,train/ent_coef_effective,2428928,0.009999999776482582
ctrl,train/ent_coef_effective,2433024,0.009999999776482582
ctrl,train/ent_coef_effective,2437120,0.009999999776482582
ctrl,train/ent_coef_effective,2441216,0.009999999776482582
ctrl,train/ent_coef_effective,2445312,0.009999999776482582
ctrl,train/ent_coef_effective,2449408,0.009999999776482582
ctrl,train/ent_coef_effective,2453504,0.009999999776482582
ctrl,train/ent_coef_effective,2457600,0.009999999776482582
ctrl,train/ent_coef_effective,2461696,0.009999999776482582
ctrl,train/ent_coef_effective,2465792,0.009999999776482582
ctrl,train/ent_coef_effective,2469888,0.009999999776482582
ctrl,train/ent_coef_effective,2473984,0.009999999776482582
ctrl,train/ent_coef_effective,2478080,0.009999999776482582
ctrl,train/ent_coef_effective,2482176,0.009999999776482582
ctrl,train/ent_coef_effective,2486272,0.009999999776482582
ctrl,train/ent_coef_effective,2490368,0.009999999776482582
ctrl,train/ent_coef_effective,2494464,0.009999999776482582
ctrl,train/ent_coef_effective,2498560,0.009999999776482582
ctrl,train/ent_coef_effective,2502656,0.009999999776482582
ctrl,train/ent_coef_effective,2506752,0.009999999776482582
ctrl,train/ent_coef_effective,2510848,0.009999999776482582
ctrl,train/ent_coef_effective,2514944,0.009999999776482582
ctrl,train/ent_coef_effective,2519040,0.009999999776482582
ctrl,train/ent_coef_effective,2523136,0.009999999776482582
ctrl,train/ent_coef_effective,2527232,0.009999999776482582
ctrl,train/ent_coef_effective,2531328,0.009999999776482582
ctrl,train/ent_coef_effective,2535424,0.009999999776482582
ctrl,train/ent_coef_effective,2539520,0.009999999776482582
ctrl,train/ent_coef_effective,2543616,0.009999999776482582
ctrl,train/ent_coef_effective,2547712,0.009999999776482582
ctrl,train/ent_coef_effective,2551808,0.009999999776482582
ctrl,train/ent_coef_effective,2555904,0.009999999776482582
ctrl,train/ent_coef_effective,2560000,0.009999999776482582
ctrl,train/ent_coef_effective,2564096,0.009999999776482582
ctrl,train/ent_coef_effective,2568192,0.009999999776482582
ctrl,train/ent_coef_effective,2572288,0.009999999776482582
ctrl,train/ent_coef_effective,2576384,0.009999999776482582
ctrl,train/ent_coef_effective,2580480,0.009999999776482582
ctrl,train/ent_coef_effective,2584576,0.009999999776482582
ctrl,train/ent_coef_effective,2588672,0.009999999776482582
ctrl,train/ent_coef_effective,2592768,0.009999999776482582
ctrl,train/ent_coef_effective,2596864,0.009999999776482582
ctrl,train/ent_coef_effective,2600960,0.009999999776482582
ctrl,train/ent_coef_effective,2605056,0.009999999776482582
ctrl,train/ent_coef_effective,2609152,0.009999999776482582
ctrl,train/ent_coef_effective,2613248,0.009999999776482582
ctrl,train/ent_coef_effective,2617344,0.009999999776482582
ctrl,train/ent_coef_effective,2621440,0.009999999776482582
ctrl,train/ent_coef_effective,2625536,0.009999999776482582
ctrl,train/ent_coef_effective,2629632,0.009999999776482582
ctrl,train/ent_coef_effective,2633728,0.009999999776482582
ctrl,train/ent_coef_effective,2637824,0.009999999776482582
ctrl,train/ent_coef_effective,2641920,0.009999999776482582
ctrl,train/ent_coef_effective,2646016,0.009999999776482582
ctrl,train/ent_coef_effective,2650112,0.009999999776482582
ctrl,train/ent_coef_effective,2654208,0.009999999776482582
ctrl,train/ent_coef_effective,2658304,0.009999999776482582
ctrl,train/ent_coef_effective,2662400,0.009999999776482582
ctrl,train/ent_coef_effective,2666496,0.009999999776482582
ctrl,train/ent_coef_effective,2670592,0.009999999776482582
ctrl,train/ent_coef_effective,2674688,0.009999999776482582
ctrl,train/ent_coef_effective,2678784,0.009999999776482582
ctrl,train/ent_coef_effective,2682880,0.009999999776482582
ctrl,train/ent_coef_effective,2686976,0.009999999776482582
ctrl,train/ent_coef_effective,2691072,0.009999999776482582
ctrl,train/ent_coef_effective,2695168,0.009999999776482582
ctrl,train/ent_coef_effective,2699264,0.009999999776482582
ctrl,train/ent_coef_effective,2703360,0.009999999776482582
ctrl,train/ent_coef_effective,2707456,0.009999999776482582
ctrl,train/ent_coef_effective,2711552,0.009999999776482582
ctrl,train/ent_coef_effective,2715648,0.009999999776482582
ctrl,train/ent_coef_effective,2719744,0.009999999776482582
ctrl,train/ent_coef_effective,2723840,0.009999999776482582
ctrl,train/ent_coef_effective,2727936,0.009999999776482582
ctrl,train/ent_coef_effective,2732032,0.009999999776482582
ctrl,train/ent_coef_effective,2736128,0.009999999776482582
ctrl,train/ent_coef_effective,2740224,0.009999999776482582
ctrl,train/ent_coef_effective,2744320,0.009999999776482582
ctrl,train/ent_coef_effective,2748416,0.009999999776482582
ctrl,train/ent_coef_effective,2752512,0.009999999776482582
ctrl,train/ent_coef_effective,2756608,0.009999999776482582
ctrl,train/ent_coef_effective,2760704,0.009999999776482582
ctrl,train/ent_coef_effective,2764800,0.009999999776482582
ctrl,train/ent_coef_effective,2768896,0.009999999776482582
ctrl,train/ent_coef_effective,2772992,0.009999999776482582
ctrl,train/ent_coef_effective,2777088,0.009999999776482582
ctrl,train/ent_coef_effective,2781184,0.009999999776482582
ctrl,train/ent_coef_effective,2785280,0.009999999776482582
ctrl,train/ent_coef_effective,2789376,0.009999999776482582
ctrl,train/ent_coef_effective,2793472,0.009999999776482582
ctrl,train/ent_coef_effective,2797568,0.009999999776482582
ctrl,train/ent_coef_effective,2801664,0.009999999776482582
ctrl,train/ent_coef_effective,2805760,0.009999999776482582
ctrl,train/ent_coef_effective,2809856,0.009999999776482582
ctrl,train/ent_coef_effective,2813952,0.009999999776482582
ctrl,train/ent_coef_effective,2818048,0.009999999776482582
ctrl,train/ent_coef_effective,2822144,0.009999999776482582
ctrl,train/ent_coef_effective,2826240,0.009999999776482582
ctrl,train/ent_coef_effective,2830336,0.009999999776482582
ctrl,train/ent_coef_effective,2834432,0.009999999776482582
ctrl,train/ent_coef_effective,2838528,0.009999999776482582
ctrl,train/ent_coef_effective,2842624,0.009999999776482582
ctrl,train/ent_coef_effective,2846720,0.009999999776482582
ctrl,train/ent_coef_effective,2850816,0.009999999776482582
ctrl,train/ent_coef_effective,2854912,0.009999999776482582
ctrl,train/ent_coef_effective,2859008,0.009999999776482582
ctrl,train/ent_coef_effective,2863104,0.009999999776482582
ctrl,train/ent_coef_effective,2867200,0.009999999776482582
ctrl,train/ent_coef_effective,2871296,0.009999999776482582
ctrl,train/ent_coef_effective,2875392,0.009999999776482582
ctrl,train/ent_coef_effective,2879488,0.009999999776482582
ctrl,train/ent_coef_effective,2883584,0.009999999776482582
ctrl,train/ent_coef_effective,2887680,0.009999999776482582
ctrl,train/ent_coef_effective,2891776,0.009999999776482582
ctrl,train/ent_coef_effective,2895872,0.009999999776482582
ctrl,train/ent_coef_effective,2899968,0.009999999776482582
ctrl,train/ent_coef_effective,2904064,0.009999999776482582
ctrl,train/ent_coef_effective,2908160,0.009999999776482582
ctrl,train/ent_coef_effective,2912256,0.009999999776482582
ctrl,train/ent_coef_effective,2916352,0.009999999776482582
ctrl,train/ent_coef_effective,2920448,0.009999999776482582
ctrl,train/ent_coef_effective,2924544,0.009999999776482582
ctrl,train/ent_coef_effective,2928640,0.009999999776482582
ctrl,train/ent_coef_effective,2932736,0.009999999776482582
ctrl,train/ent_coef_effective,2936832,0.009999999776482582
ctrl,train/ent_coef_effective,2940928,0.009999999776482582
ctrl,train/ent_coef_effective,2945024,0.009999999776482582
ctrl,train/ent_coef_effective,2949120,0.009999999776482582
ctrl,train/ent_coef_effective,2953216,0.009999999776482582
ctrl,train/ent_coef_effective,2957312,0.009999999776482582
ctrl,train/ent_coef_effective,2961408,0.009999999776482582
ctrl,train/ent_coef_effective,2965504,0.009999999776482582
ctrl,train/ent_coef_effective,2969600,0.009999999776482582
ctrl,train/ent_coef_effective,2973696,0.009999999776482582
ctrl,train/ent_coef_effective,2977792,0.009999999776482582
ctrl,train/ent_coef_effective,2981888,0.009999999776482582
ctrl,train/ent_coef_effective,2985984,0.009999999776482582
ctrl,train/ent_coef_effective,2990080,0.009999999776482582
ctrl,train/ent_coef_effective,2994176,0.009999999776482582
ctrl,train/ent_coef_effective,2998272,0.009999999776482582
ctrl,train/ent_coef_effective,3002368,0.009999999776482582
ctrl,train/ent_coef_effective,3006464,0.009999999776482582
ctrl,train/ent_coef_effective,3010560,0.009999999776482582
ctrl,train/ent_coef_effective,3014656,0.009999999776482582
ctrl,train/ent_coef_effective,3018752,0.009999999776482582
ctrl,train/ent_coef_effective,3022848,0.009999999776482582
ctrl,train/ent_coef_effective,3026944,0.009999999776482582
ctrl,train/ent_coef_effective,3031040,0.009999999776482582
ctrl,train/ent_coef_effective,3035136,0.009999999776482582
ctrl,train/ent_coef_effective,3039232,0.009999999776482582
ctrl,train/ent_coef_effective,3043328,0.009999999776482582
ctrl,train/ent_coef_effective,3047424,0.009999999776482582
ctrl,train/approx_kl,8192,0.007544913329184055
ctrl,train/approx_kl,12288,0.0024691259022802114
ctrl,train/approx_kl,16384,0.002906434703618288
ctrl,train/approx_kl,20480,0.0034014172852039337
ctrl,train/approx_kl,24576,0.0021768060978502035
ctrl,train/approx_kl,28672,0.0026353588327765465
ctrl,train/approx_kl,32768,0.001664274837821722
ctrl,train/approx_kl,36864,0.0013891684357076883
ctrl,train/approx_kl,40960,0.0023469417355954647
ctrl,train/approx_kl,45056,0.0021730507723987103
ctrl,train/approx_kl,49152,0.002642175182700157
ctrl,train/approx_kl,53248,0.0023202914744615555
ctrl,train/approx_kl,57344,0.002274345140904188
ctrl,train/approx_kl,61440,0.0015493487007915974
ctrl,train/approx_kl,65536,0.0018437659600749612
ctrl,train/approx_kl,69632,0.003497737692669034
ctrl,train/approx_kl,73728,0.0010015028528869152
ctrl,train/approx_kl,77824,0.0015163242351263762
ctrl,train/approx_kl,81920,0.0027587548829615116
ctrl,train/approx_kl,86016,0.0013972209999337792
ctrl,train/approx_kl,90112,0.0026801100466400385
ctrl,train/approx_kl,94208,0.0018198154866695404
ctrl,train/approx_kl,98304,0.0015959965530782938
ctrl,train/approx_kl,102400,0.001437499886378646
ctrl,train/approx_kl,106496,0.001457102713175118
ctrl,train/approx_kl,110592,0.0020541278645396233
ctrl,train/approx_kl,114688,0.002379672834649682
ctrl,train/approx_kl,118784,0.0022757858969271183
ctrl,train/approx_kl,122880,0.0016234497306868434
ctrl,train/approx_kl,126976,0.0023268312215805054
ctrl,train/approx_kl,131072,0.0019095304887741804
ctrl,train/approx_kl,135168,0.0018354852218180895
ctrl,train/approx_kl,139264,0.0017572061624377966
ctrl,train/approx_kl,143360,0.003008866449818015
ctrl,train/approx_kl,147456,0.0010113457683473825
ctrl,train/approx_kl,151552,0.0015875950921326876
ctrl,train/approx_kl,155648,0.0023308503441512585
ctrl,train/approx_kl,159744,0.0013440712355077267
ctrl,train/approx_kl,163840,0.0026746173389256
ctrl,train/approx_kl,167936,0.0018595416331663728
ctrl,train/approx_kl,172032,0.0015471980441361666
ctrl,train/approx_kl,176128,0.0009901730809360743
ctrl,train/approx_kl,180224,0.0017519979737699032
ctrl,train/approx_kl,184320,0.0010735641699284315
ctrl,train/approx_kl,188416,0.0025471155531704426
ctrl,train/approx_kl,192512,0.002138175070285797
ctrl,train/approx_kl,196608,0.001600816147401929
ctrl,train/approx_kl,200704,0.001856116927228868
ctrl,train/approx_kl,204800,0.0017302908236160874
ctrl,train/approx_kl,208896,0.002067595487460494
ctrl,train/approx_kl,212992,0.001810997724533081
ctrl,train/approx_kl,217088,0.0014667910290881991
ctrl,train/approx_kl,221184,0.0012991524999961257
ctrl,train/approx_kl,225280,0.00235223607160151
ctrl,train/approx_kl,229376,0.0011688197264447808
ctrl,train/approx_kl,233472,0.0016013041604310274
ctrl,train/approx_kl,237568,0.002353366930037737
ctrl,train/approx_kl,241664,0.000963917002081871
ctrl,train/approx_kl,245760,0.0021369156893342733
ctrl,train/approx_kl,249856,0.0019209373276680708
ctrl,train/approx_kl,253952,0.0045844633132219315
ctrl,train/approx_kl,262144,0.0017583670560270548
ctrl,train/approx_kl,266240,0.003336041234433651
ctrl,train/approx_kl,270336,0.0018264864338561893
ctrl,train/approx_kl,274432,0.0008295397856272757
ctrl,train/approx_kl,278528,0.0014377546031028032
ctrl,train/approx_kl,282624,0.0023837867192924023
ctrl,train/approx_kl,286720,0.0029972977936267853
ctrl,train/approx_kl,290816,0.0031818123534321785
ctrl,train/approx_kl,294912,0.001737277372740209
ctrl,train/approx_kl,299008,0.0012452052906155586
ctrl,train/approx_kl,303104,0.0013004775391891599
ctrl,train/approx_kl,307200,0.0031049116514623165
ctrl,train/approx_kl,311296,0.003132820362225175
ctrl,train/approx_kl,315392,0.0022851459216326475
ctrl,train/approx_kl,319488,0.00232044979929924
ctrl,train/approx_kl,323584,0.0019432712579146028
ctrl,train/approx_kl,327680,0.00235080742277205
ctrl,train/approx_kl,331776,0.0028695957735180855
ctrl,train/approx_kl,335872,0.001969246892258525
ctrl,train/approx_kl,339968,0.0023809345439076424
ctrl,train/approx_kl,344064,0.0013524536043405533
ctrl,train/approx_kl,348160,0.002191309118643403
ctrl,train/approx_kl,352256,0.001719870837405324
ctrl,train/approx_kl,356352,0.0012516536517068744
ctrl,train/approx_kl,360448,0.001690373755991459
ctrl,train/approx_kl,364544,0.0017871885793283582
ctrl,train/approx_kl,368640,0.0013192821061238647
ctrl,train/approx_kl,372736,0.0018899156711995602
ctrl,train/approx_kl,376832,0.002637599129229784
ctrl,train/approx_kl,380928,0.0014536964008584619
ctrl,train/approx_kl,385024,0.002060258062556386
ctrl,train/approx_kl,389120,0.001962683629244566
ctrl,train/approx_kl,393216,0.0022179391235113144
ctrl,train/approx_kl,397312,0.0014387096744030714
ctrl,train/approx_kl,401408,0.0025418344885110855
ctrl,train/approx_kl,405504,0.0022880062460899353
ctrl,train/approx_kl,409600,0.0009852268267422915
ctrl,train/approx_kl,413696,0.001986678224056959
ctrl,train/approx_kl,417792,0.0014012077590450644
ctrl,train/approx_kl,421888,0.0017772205173969269
ctrl,train/approx_kl,425984,0.002227644668892026
ctrl,train/approx_kl,430080,0.0018693861784413457
ctrl,train/approx_kl,434176,0.0021969678346067667
ctrl,train/approx_kl,438272,0.0017867833375930786
ctrl,train/approx_kl,442368,0.0020145284943282604
ctrl,train/approx_kl,446464,0.0015451919753104448
ctrl,train/approx_kl,450560,0.002045601373538375
ctrl,train/approx_kl,454656,0.0023362706415355206
ctrl,train/approx_kl,458752,0.001981617882847786
ctrl,train/approx_kl,462848,0.002006834838539362
ctrl,train/approx_kl,466944,0.0020894960034638643
ctrl,train/approx_kl,471040,0.002116857096552849
ctrl,train/approx_kl,475136,0.002303512766957283
ctrl,train/approx_kl,479232,0.001632462372072041
ctrl,train/approx_kl,483328,0.0017753946594893932
ctrl,train/approx_kl,487424,0.0021068027708679438
ctrl,train/approx_kl,491520,0.0025289906188845634
ctrl,train/approx_kl,495616,0.0018941941671073437
ctrl,train/approx_kl,499712,0.0010791841195896268
ctrl,train/approx_kl,503808,0.0015521518653258681
ctrl,train/approx_kl,507904,0.0013511404395103455
ctrl,train/approx_kl,516096,0.001253772061318159
ctrl,train/approx_kl,520192,0.0013641051482409239
ctrl,train/approx_kl,524288,0.002936422824859619
ctrl,train/approx_kl,528384,0.0015943890903145075
ctrl,train/approx_kl,532480,0.0023388590198010206
ctrl,train/approx_kl,536576,0.001141311484389007
ctrl,train/approx_kl,540672,0.0024069626815617085
ctrl,train/approx_kl,544768,0.0018895587418228388
ctrl,train/approx_kl,548864,0.000907706271391362
ctrl,train/approx_kl,552960,0.002971974667161703
ctrl,train/approx_kl,557056,0.0014210789231583476
ctrl,train/approx_kl,561152,0.0007341664750128984
ctrl,train/approx_kl,565248,0.0015565023059025407
ctrl,train/approx_kl,569344,0.0029374160803854465
ctrl,train/approx_kl,573440,0.0012822005664929748
ctrl,train/approx_kl,577536,0.0020233788527548313
ctrl,train/approx_kl,581632,0.001255295006558299
ctrl,train/approx_kl,585728,0.0017625073669478297
ctrl,train/approx_kl,589824,0.0017582260770723224
ctrl,train/approx_kl,593920,0.0020608806516975164
ctrl,train/approx_kl,598016,0.0017451387830078602
ctrl,train/approx_kl,602112,0.0017201467417180538
ctrl,train/approx_kl,606208,0.00275116297416389
ctrl,train/approx_kl,610304,0.0021031294018030167
ctrl,train/approx_kl,614400,0.0016573471948504448
ctrl,train/approx_kl,618496,0.0016233776696026325
ctrl,train/approx_kl,622592,0.0020640655420720577
ctrl,train/approx_kl,626688,0.0021245034877210855
ctrl,train/approx_kl,630784,0.001315481960773468
ctrl,train/approx_kl,634880,0.0024414509534835815
ctrl,train/approx_kl,638976,0.000886465422809124
ctrl,train/approx_kl,643072,0.003213232848793268
ctrl,train/approx_kl,647168,0.001285169506445527
ctrl,train/approx_kl,651264,0.0015749456360936165
ctrl,train/approx_kl,655360,0.0020814999006688595
ctrl,train/approx_kl,659456,0.001579235540702939
ctrl,train/approx_kl,663552,0.003384086536243558
ctrl,train/approx_kl,667648,0.0015361502300947905
ctrl,train/approx_kl,671744,0.002017446793615818
ctrl,train/approx_kl,675840,0.001317794667556882
ctrl,train/approx_kl,679936,0.0014425782719627023
ctrl,train/approx_kl,684032,0.001361215254291892
ctrl,train/approx_kl,688128,0.002748542232438922
ctrl,train/approx_kl,692224,0.0012104037450626493
ctrl,train/approx_kl,696320,0.0011282674968242645
ctrl,train/approx_kl,700416,0.0014067343436181545
ctrl,train/approx_kl,704512,0.002100863493978977
ctrl,train/approx_kl,708608,0.0021283559035509825
ctrl,train/approx_kl,712704,0.0013666348531842232
ctrl,train/approx_kl,716800,0.0020707123912870884
ctrl,train/approx_kl,720896,0.001663529546931386
ctrl,train/approx_kl,724992,0.0009410621132701635
ctrl,train/approx_kl,729088,0.0011099865660071373
ctrl,train/approx_kl,733184,0.0016986302798613906
ctrl,train/approx_kl,737280,0.0015628514811396599
ctrl,train/approx_kl,741376,0.0026851368602365255
ctrl,train/approx_kl,745472,0.002194330096244812
ctrl,train/approx_kl,749568,0.0017110977787524462
ctrl,train/approx_kl,753664,0.0021341252140700817
ctrl,train/approx_kl,757760,0.002070229034870863
ctrl,train/approx_kl,761856,0.0027684466913342476
ctrl,train/approx_kl,770048,0.0012904402101412416
ctrl,train/approx_kl,774144,0.0013800514861941338
ctrl,train/approx_kl,778240,0.0013091845903545618
ctrl,train/approx_kl,782336,0.0010206541046500206
ctrl,train/approx_kl,786432,0.0009288048604503274
ctrl,train/approx_kl,790528,0.0009360609110444784
ctrl,train/approx_kl,794624,0.0011911271139979362
ctrl,train/approx_kl,798720,0.0018771108007058501
ctrl,train/approx_kl,802816,0.0012401281856000423
ctrl,train/approx_kl,806912,0.0009932523826137185
ctrl,train/approx_kl,811008,0.0014343229122459888
ctrl,train/approx_kl,815104,0.0013945507816970348
ctrl,train/approx_kl,819200,0.0014076440129429102
ctrl,train/approx_kl,823296,0.0014781111385673285
ctrl,train/approx_kl,827392,0.0013140203664079309
ctrl,train/approx_kl,831488,0.0014475397765636444
ctrl,train/approx_kl,835584,0.0009336793445982039
ctrl,train/approx_kl,839680,0.0021219421178102493
ctrl,train/approx_kl,843776,0.0010327405761927366
ctrl,train/approx_kl,847872,0.0029131281189620495
ctrl,train/approx_kl,851968,0.0008956216624937952
ctrl,train/approx_kl,856064,0.0013294597156345844
ctrl,train/approx_kl,860160,0.0014847122365608811
ctrl,train/approx_kl,864256,0.0013310406357049942
ctrl,train/approx_kl,868352,0.0019217373337596655
ctrl,train/approx_kl,872448,0.0012566421646624804
ctrl,train/approx_kl,876544,0.00205276720225811
ctrl,train/approx_kl,880640,0.0013568061403930187
ctrl,train/approx_kl,884736,0.0020605039317160845
ctrl,train/approx_kl,888832,0.002273713471367955
ctrl,train/approx_kl,892928,0.0025498985778540373
ctrl,train/approx_kl,897024,0.0013776125852018595
ctrl,train/approx_kl,901120,0.0017102790297940373
ctrl,train/approx_kl,905216,0.0014912402257323265
ctrl,train/approx_kl,909312,0.0009712958708405495
ctrl,train/approx_kl,913408,0.0016357139684259892
ctrl,train/approx_kl,917504,0.0010532729793339968
ctrl,train/approx_kl,921600,0.0011349592823535204
ctrl,train/approx_kl,925696,0.001286234357394278
ctrl,train/approx_kl,929792,0.0009019003482535481
ctrl,train/approx_kl,933888,0.001050416729412973
ctrl,train/approx_kl,937984,0.0008418344659730792
ctrl,train/approx_kl,942080,0.0010124684777110815
ctrl,train/approx_kl,946176,0.0011182036250829697
ctrl,train/approx_kl,950272,0.0013086203252896667
ctrl,train/approx_kl,954368,0.0012416354147717357
ctrl,train/approx_kl,958464,0.0010800549061968923
ctrl,train/approx_kl,962560,0.0018714613979682326
ctrl,train/approx_kl,966656,0.0011339887278154492
ctrl,train/approx_kl,970752,0.001060358714312315
ctrl,train/approx_kl,974848,0.001243998296558857
ctrl,train/approx_kl,978944,0.001078996923752129
ctrl,train/approx_kl,983040,0.0008807195699773729
ctrl,train/approx_kl,987136,0.0015003732405602932
ctrl,train/approx_kl,991232,0.0012735780328512192
ctrl,train/approx_kl,995328,0.001722764573059976
ctrl,train/approx_kl,999424,0.0013274105731397867
ctrl,train/approx_kl,1003520,0.0013971020234748721
ctrl,train/approx_kl,1007616,0.0011657029390335083
ctrl,train/approx_kl,1011712,0.0014708968810737133
ctrl,train/approx_kl,1015808,0.002021289197728038
ctrl,train/approx_kl,1024000,0.0016788324574008584
ctrl,train/approx_kl,1028096,0.002238127402961254
ctrl,train/approx_kl,1032192,0.0015166080556809902
ctrl,train/approx_kl,1036288,0.0014221601886674762
ctrl,train/approx_kl,1040384,0.0017117590177804232
ctrl,train/approx_kl,1044480,0.00084644032176584
ctrl,train/approx_kl,1048576,0.0008209869265556335
ctrl,train/approx_kl,1052672,0.0013218465028330684
ctrl,train/approx_kl,1056768,0.001310000428929925
ctrl,train/approx_kl,1060864,0.001036297995597124
ctrl,train/approx_kl,1064960,0.0006735337665304542
ctrl,train/approx_kl,1069056,0.0015339864185079932
ctrl,train/approx_kl,1073152,0.0011685991194099188
ctrl,train/approx_kl,1077248,0.0018411990022286773
ctrl,train/approx_kl,1081344,0.0022006435319781303
ctrl,train/approx_kl,1085440,0.0020417156629264355
ctrl,train/approx_kl,1089536,0.0012555080465972424
ctrl,train/approx_kl,1093632,0.0020378048066049814
ctrl,train/approx_kl,1097728,0.00203371187672019
ctrl,train/approx_kl,1101824,0.0010148880537599325
ctrl,train/approx_kl,1105920,0.0016827218933030963
ctrl,train/approx_kl,1110016,0.0011601090664044023
ctrl,train/approx_kl,1114112,0.001549411565065384
ctrl,train/approx_kl,1118208,0.0009057370480149984
ctrl,train/approx_kl,1122304,0.0011583497980609536
ctrl,train/approx_kl,1126400,0.0008487437735311687
ctrl,train/approx_kl,1130496,0.0028709089383482933
ctrl,train/approx_kl,1134592,0.0011228782823309302
ctrl,train/approx_kl,1138688,0.0015728361904621124
ctrl,train/approx_kl,1142784,0.002587178722023964
ctrl,train/approx_kl,1146880,0.0014103755820542574
ctrl,train/approx_kl,1150976,0.0023030475713312626
ctrl,train/approx_kl,1155072,0.0009820843115448952
ctrl,train/approx_kl,1159168,0.0011059441603720188
ctrl,train/approx_kl,1163264,0.0015828025061637163
ctrl,train/approx_kl,1167360,0.0014600669965147972
ctrl,train/approx_kl,1171456,0.001269022817723453
ctrl,train/approx_kl,1175552,0.0011440670350566506
ctrl,train/approx_kl,1179648,0.0010383096523582935
ctrl,train/approx_kl,1183744,0.0012715202756226063
ctrl,train/approx_kl,1187840,0.0009302056860178709
ctrl,train/approx_kl,1191936,0.0013374618720263243
ctrl,train/approx_kl,1196032,0.0012940174201503396
ctrl,train/approx_kl,1200128,0.0013596110511571169
ctrl,train/approx_kl,1204224,0.00123137841001153
ctrl,train/approx_kl,1208320,0.0028927160892635584
ctrl,train/approx_kl,1212416,0.002584757748991251
ctrl,train/approx_kl,1216512,0.001019021263346076
ctrl,train/approx_kl,1220608,0.0012395925587043166
ctrl,train/approx_kl,1224704,0.0021223481744527817
ctrl,train/approx_kl,1228800,0.004309247247874737
ctrl,train/approx_kl,1232896,0.000725282181520015
ctrl,train/approx_kl,1236992,0.0021643871441483498
ctrl,train/approx_kl,1241088,0.0022299746051430702
ctrl,train/approx_kl,1245184,0.0013973694294691086
ctrl,train/approx_kl,1249280,0.0007483793888241053
ctrl,train/approx_kl,1253376,0.0018621796043589711
ctrl,train/approx_kl,1257472,0.0020309730898588896
ctrl,train/approx_kl,1261568,0.0015769965248182416
ctrl,train/approx_kl,1265664,0.001083381357602775
ctrl,train/approx_kl,1269760,0.0014996037352830172
ctrl,train/approx_kl,1277952,0.0010468417312949896
ctrl,train/approx_kl,1282048,0.0012017120607197285
ctrl,train/approx_kl,1286144,0.0021889253985136747
ctrl,train/approx_kl,1290240,0.0012473032111302018
ctrl,train/approx_kl,1294336,0.0013664104044437408
ctrl,train/approx_kl,1298432,0.00243981066159904
ctrl,train/approx_kl,1302528,0.0017467266879975796
ctrl,train/approx_kl,1306624,0.0014584078453481197
ctrl,train/approx_kl,1310720,0.0018987033981829882
ctrl,train/approx_kl,1314816,0.0020344904623925686
ctrl,train/approx_kl,1318912,0.0015267152339220047
ctrl,train/approx_kl,1323008,0.00189628463704139
ctrl,train/approx_kl,1327104,0.0011233687400817871
ctrl,train/approx_kl,1331200,0.0013777061831206083
ctrl,train/approx_kl,1335296,0.001218327204696834
ctrl,train/approx_kl,1339392,0.002197973895817995
ctrl,train/approx_kl,1343488,0.0024100043810904026
ctrl,train/approx_kl,1347584,0.0014202273450791836
ctrl,train/approx_kl,1351680,0.001723448745906353
ctrl,train/approx_kl,1355776,0.0024904883466660976
ctrl,train/approx_kl,1359872,0.0032080134842544794
ctrl,train/approx_kl,1363968,0.002166259568184614
ctrl,train/approx_kl,1368064,0.00250643165782094
ctrl,train/approx_kl,1372160,0.0010532812448218465
ctrl,train/approx_kl,1376256,0.0010672507341951132
ctrl,train/approx_kl,1380352,0.0023909800220280886
ctrl,train/approx_kl,1384448,0.001260993885807693
ctrl,train/approx_kl,1388544,0.0015666007529944181
ctrl,train/approx_kl,1392640,0.0030863643623888493
ctrl,train/approx_kl,1396736,0.0011585877509787679
ctrl,train/approx_kl,1400832,0.0015695154434069991
ctrl,train/approx_kl,1404928,0.001399739645421505
ctrl,train/approx_kl,1409024,0.0012783296406269073
ctrl,train/approx_kl,1413120,0.0012878915295004845
ctrl,train/approx_kl,1417216,0.001214200397953391
ctrl,train/approx_kl,1421312,0.0016041849739849567
ctrl,train/approx_kl,1425408,0.001263436395674944
ctrl,train/approx_kl,1429504,0.0014583364827558398
ctrl,train/approx_kl,1433600,0.001032747095450759
ctrl,train/approx_kl,1437696,0.0014500684337690473
ctrl,train/approx_kl,1441792,0.001191644580103457
ctrl,train/approx_kl,1445888,0.0015059688594192266
ctrl,train/approx_kl,1449984,0.0013591472525149584
ctrl,train/approx_kl,1454080,0.0023631344083696604
ctrl,train/approx_kl,1458176,0.000742044416256249
ctrl,train/approx_kl,1462272,0.0019149640575051308
ctrl,train/approx_kl,1466368,0.0015286721754819155
ctrl,train/approx_kl,1470464,0.0013384099584072828
ctrl,train/approx_kl,1474560,0.0007559855002909899
ctrl,train/approx_kl,1478656,0.0012487340718507767
ctrl,train/approx_kl,1482752,0.0010655716760084033
ctrl,train/approx_kl,1486848,0.0016644762363284826
ctrl,train/approx_kl,1490944,0.0010049684206023812
ctrl,train/approx_kl,1495040,0.001599597162567079
ctrl,train/approx_kl,1499136,0.001769089954905212
ctrl,train/approx_kl,1503232,0.0017495433567091823
ctrl,train/approx_kl,1507328,0.002042837906628847
ctrl,train/approx_kl,1511424,0.0019512950675562024
ctrl,train/approx_kl,1515520,0.0010554920881986618
ctrl,train/approx_kl,1519616,0.0019466541707515717
ctrl,train/approx_kl,1523712,0.0016935610910877585
ctrl,train/approx_kl,1531904,0.0017791780410334468
ctrl,train/approx_kl,1536000,0.003981811925768852
ctrl,train/approx_kl,1540096,0.0015715989284217358
ctrl,train/approx_kl,1544192,0.0014727755915373564
ctrl,train/approx_kl,1548288,0.0014603566378355026
ctrl,train/approx_kl,1552384,0.0018717097118496895
ctrl,train/approx_kl,1556480,0.0012190085835754871
ctrl,train/approx_kl,1560576,0.001567083178088069
ctrl,train/approx_kl,1564672,0.0021554313134402037
ctrl,train/approx_kl,1568768,0.0011182831367477775
ctrl,train/approx_kl,1572864,0.0009474096586927772
ctrl,train/approx_kl,1576960,0.002269820310175419
ctrl,train/approx_kl,1581056,0.0011165798641741276
ctrl,train/approx_kl,1585152,0.0017021384555846453
ctrl,train/approx_kl,1589248,0.0014955990482121706
ctrl,train/approx_kl,1593344,0.001713526900857687
ctrl,train/approx_kl,1597440,0.001918549882248044
ctrl,train/approx_kl,1601536,0.001514288131147623
ctrl,train/approx_kl,1605632,0.0022377008572220802
ctrl,train/approx_kl,1609728,0.0015264753019437194
ctrl,train/approx_kl,1613824,0.003436924424022436
ctrl,train/approx_kl,1617920,0.0017018753569573164
ctrl,train/approx_kl,1622016,0.0014879240188747644
ctrl,train/approx_kl,1626112,0.0018255775794386864
ctrl,train/approx_kl,1630208,0.0014261468313634396
ctrl,train/approx_kl,1634304,0.0012168306857347488
ctrl,train/approx_kl,1638400,0.0012530074454843998
ctrl,train/approx_kl,1642496,0.0015525660710409284
ctrl,train/approx_kl,1646592,0.002325819805264473
ctrl,train/approx_kl,1650688,0.001144654001109302
ctrl,train/approx_kl,1654784,0.0017464116681367159
ctrl,train/approx_kl,1658880,0.0014225636841729283
ctrl,train/approx_kl,1662976,0.0016941903159022331
ctrl,train/approx_kl,1667072,0.001134313177317381
ctrl,train/approx_kl,1671168,0.0009732309845276177
ctrl,train/approx_kl,1675264,0.001146060647442937
ctrl,train/approx_kl,1679360,0.0017814460443332791
ctrl,train/approx_kl,1683456,0.001630034763365984
ctrl,train/approx_kl,1687552,0.000730558589566499
ctrl,train/approx_kl,1691648,0.0013962179655209184
ctrl,train/approx_kl,1695744,0.0011601344449445605
ctrl,train/approx_kl,1699840,0.0014756524469703436
ctrl,train/approx_kl,1703936,0.0011747106909751892
ctrl,train/approx_kl,1708032,0.0009088095393963158
ctrl,train/approx_kl,1712128,0.0018071068916469812
ctrl,train/approx_kl,1716224,0.0010970679577440023
ctrl,train/approx_kl,1720320,0.001073146122507751
ctrl,train/approx_kl,1724416,0.001602453296072781
ctrl,train/approx_kl,1728512,0.0026684990152716637
ctrl,train/approx_kl,1732608,0.0013877686578780413
ctrl,train/approx_kl,1736704,0.0013615749776363373
ctrl,train/approx_kl,1740800,0.0019452692940831184
ctrl,train/approx_kl,1744896,0.0023621669970452785
ctrl,train/approx_kl,1748992,0.0015425003366544843
ctrl,train/approx_kl,1753088,0.0011660214513540268
ctrl,train/approx_kl,1757184,0.0012419880367815495
ctrl,train/approx_kl,1761280,0.0023566540330648422
ctrl,train/approx_kl,1765376,0.002513640094548464
ctrl,train/approx_kl,1769472,0.0018146776128560305
ctrl,train/approx_kl,1773568,0.002236349042505026
ctrl,train/approx_kl,1777664,0.0007619106909260154
ctrl,train/approx_kl,1785856,0.0009350806940346956
ctrl,train/approx_kl,1789952,0.0024525197222828865
ctrl,train/approx_kl,1794048,0.001899203984066844
ctrl,train/approx_kl,1798144,0.0017693492118269205
ctrl,train/approx_kl,1802240,0.0016638794913887978
ctrl,train/approx_kl,1806336,0.001291185151785612
ctrl,train/approx_kl,1810432,0.002063385210931301
ctrl,train/approx_kl,1814528,0.002260775538161397
ctrl,train/approx_kl,1818624,0.0034431300591677427
ctrl,train/approx_kl,1822720,0.0013959964271634817
ctrl,train/approx_kl,1826816,0.0021992444526404142
ctrl,train/approx_kl,1830912,0.002052369061857462
ctrl,train/approx_kl,1835008,0.0013662229757755995
ctrl,train/approx_kl,1839104,0.002104301005601883
ctrl,train/approx_kl,1843200,0.001433087047189474
ctrl,train/approx_kl,1847296,0.00155488564632833
ctrl,train/approx_kl,1851392,0.001708979019895196
ctrl,train/approx_kl,1855488,0.0016100313514471054
ctrl,train/approx_kl,1859584,0.0011739467736333609
ctrl,train/approx_kl,1863680,0.0029970742762088776
ctrl,train/approx_kl,1867776,0.0012252574088051915
ctrl,train/approx_kl,1871872,0.0016015084693208337
ctrl,train/approx_kl,1875968,0.0009351948974654078
ctrl,train/approx_kl,1880064,0.0015738941729068756
ctrl,train/approx_kl,1884160,0.0016761105507612228
ctrl,train/approx_kl,1888256,0.0008631735108792782
ctrl,train/approx_kl,1892352,0.0010804131161421537
ctrl,train/approx_kl,1896448,0.0014632144011557102
ctrl,train/approx_kl,1900544,0.001172222662717104
ctrl,train/approx_kl,1904640,0.0011116634123027325
ctrl,train/approx_kl,1908736,0.0014631880912929773
ctrl,train/approx_kl,1912832,0.004709680564701557
ctrl,train/approx_kl,1916928,0.001482854364439845
ctrl,train/approx_kl,1921024,0.00167665455956012
ctrl,train/approx_kl,1925120,0.0015159734757617116
ctrl,train/approx_kl,1929216,0.0016302124131470919
ctrl,train/approx_kl,1933312,0.0018926769262179732
ctrl,train/approx_kl,1937408,0.0014043390983715653
ctrl,train/approx_kl,1941504,0.001387879136018455
ctrl,train/approx_kl,1945600,0.0016238212119787931
ctrl,train/approx_kl,1949696,0.0017514326609671116
ctrl,train/approx_kl,1953792,0.0007036515162326396
ctrl,train/approx_kl,1957888,0.001595842419192195
ctrl,train/approx_kl,1961984,0.001616932451725006
ctrl,train/approx_kl,1966080,0.002237935084849596
ctrl,train/approx_kl,1970176,0.001560391392558813
ctrl,train/approx_kl,1974272,0.0007834036368876696
ctrl,train/approx_kl,1978368,0.0014823195524513721
ctrl,train/approx_kl,1982464,0.0013994273031130433
ctrl,train/approx_kl,1986560,0.0012575420551002026
ctrl,train/approx_kl,1990656,0.0023449172731488943
ctrl,train/approx_kl,1994752,0.0010075992904603481
ctrl,train/approx_kl,1998848,0.0014665391063317657
ctrl,train/approx_kl,2002944,0.0015783398412168026
ctrl,train/approx_kl,2007040,0.0012087674112990499
ctrl,train/approx_kl,2011136,0.0015908568166196346
ctrl,train/approx_kl,2015232,0.0008662228938192129
ctrl,train/approx_kl,2019328,0.0011580993887037039
ctrl,train/approx_kl,2023424,0.0021204682998359203
ctrl,train/approx_kl,2027520,0.0014174423413351178
ctrl,train/approx_kl,2031616,0.0013301433064043522
ctrl,train/approx_kl,2039808,0.0012344513088464737
ctrl,train/approx_kl,2043904,0.0017781963106244802
ctrl,train/approx_kl,2048000,0.0019064974039793015
ctrl,train/approx_kl,2052096,0.0015549380332231522
ctrl,train/approx_kl,2056192,0.001997778657823801
ctrl,train/approx_kl,2060288,0.0018749862210825086
ctrl,train/approx_kl,2064384,0.0010244492441415787
ctrl,train/approx_kl,2068480,0.0014302001800388098
ctrl,train/approx_kl,2072576,0.0015888451598584652
ctrl,train/approx_kl,2076672,0.002987175714224577
ctrl,train/approx_kl,2080768,0.0010335672413930297
ctrl,train/approx_kl,2084864,0.0023482264950871468
ctrl,train/approx_kl,2088960,0.0012804697034880519
ctrl,train/approx_kl,2093056,0.001648415345698595
ctrl,train/approx_kl,2097152,0.0016648129094392061
ctrl,train/approx_kl,2101248,0.0027836794033646584
ctrl,train/approx_kl,2105344,0.0013385547790676355
ctrl,train/approx_kl,2109440,0.002269438933581114
ctrl,train/approx_kl,2113536,0.000966440187767148
ctrl,train/approx_kl,2117632,0.0020237634889781475
ctrl,train/approx_kl,2121728,0.001137913204729557
ctrl,train/approx_kl,2125824,0.0019161566160619259
ctrl,train/approx_kl,2129920,0.0019176449859514832
ctrl,train/approx_kl,2134016,0.0011810072464868426
ctrl,train/approx_kl,2138112,0.0013277482939884067
ctrl,train/approx_kl,2142208,0.0011943858116865158
ctrl,train/approx_kl,2146304,0.0015770294703543186
ctrl,train/approx_kl,2150400,0.0012969688978046179
ctrl,train/approx_kl,2154496,0.0010764189064502716
ctrl,train/approx_kl,2158592,0.0018490429501980543
ctrl,train/approx_kl,2162688,0.0035282503813505173
ctrl,train/approx_kl,2166784,0.001232363167218864
ctrl,train/approx_kl,2170880,0.001771662849932909
ctrl,train/approx_kl,2174976,0.0008886305149644613
ctrl,train/approx_kl,2179072,0.002261581365019083
ctrl,train/approx_kl,2183168,0.001204520813189447
ctrl,train/approx_kl,2187264,0.0017009529983624816
ctrl,train/approx_kl,2191360,0.0011807773262262344
ctrl,train/approx_kl,2195456,0.0022801337763667107
ctrl,train/approx_kl,2199552,0.00185597431845963
ctrl,train/approx_kl,2203648,0.002154538407921791
ctrl,train/approx_kl,2207744,0.001358766807243228
ctrl,train/approx_kl,2211840,0.001471053110435605
ctrl,train/approx_kl,2215936,0.0016231832560151815
ctrl,train/approx_kl,2220032,0.001697839004918933
ctrl,train/approx_kl,2224128,0.0029398612678050995
ctrl,train/approx_kl,2228224,0.001531185582280159
ctrl,train/approx_kl,2232320,0.0018344147829338908
ctrl,train/approx_kl,2236416,0.0016547549748793244
ctrl,train/approx_kl,2240512,0.0009872433729469776
ctrl,train/approx_kl,2244608,0.0012589897960424423
ctrl,train/approx_kl,2248704,0.0012928759679198265
ctrl,train/approx_kl,2252800,0.0016396904829889536
ctrl,train/approx_kl,2256896,0.0011473468039184809
ctrl,train/approx_kl,2260992,0.0022489496041089296
ctrl,train/approx_kl,2265088,0.001775878481566906
ctrl,train/approx_kl,2269184,0.0014047124423086643
ctrl,train/approx_kl,2273280,0.0014580667484551668
ctrl,train/approx_kl,2277376,0.0021201290655881166
ctrl,train/approx_kl,2281472,0.0010258941911160946
ctrl,train/approx_kl,2285568,0.0023091903422027826
ctrl,train/approx_kl,2293760,0.0006532830884680152
ctrl,train/approx_kl,2297856,0.0018283004174008965
ctrl,train/approx_kl,2301952,0.0006513061234727502
ctrl,train/approx_kl,2306048,0.00144418072886765
ctrl,train/approx_kl,2310144,0.0014611741062253714
ctrl,train/approx_kl,2314240,0.0021992065012454987
ctrl,train/approx_kl,2318336,0.0018289644503965974
ctrl,train/approx_kl,2322432,0.0021613449789583683
ctrl,train/approx_kl,2326528,0.0009864758467301726
ctrl,train/approx_kl,2330624,0.0013383751502260566
ctrl,train/approx_kl,2334720,0.0011405257973819971
ctrl,train/approx_kl,2338816,0.0010122545063495636
ctrl,train/approx_kl,2342912,0.001057567074894905
ctrl,train/approx_kl,2347008,0.0012786856386810541
ctrl,train/approx_kl,2351104,0.002313831355422735
ctrl,train/approx_kl,2355200,0.0011118183610960841
ctrl,train/approx_kl,2359296,0.0011434871703386307
ctrl,train/approx_kl,2363392,0.0013234324287623167
ctrl,train/approx_kl,2367488,0.0026315576396882534
ctrl,train/approx_kl,2371584,0.0016495855525135994
ctrl,train/approx_kl,2375680,0.0026625879108905792
ctrl,train/approx_kl,2379776,0.0014446607092395425
ctrl,train/approx_kl,2383872,0.0014277121517807245
ctrl,train/approx_kl,2387968,0.0015460916329175234
ctrl,train/approx_kl,2392064,0.002095805713906884
ctrl,train/approx_kl,2396160,0.0023096795193850994
ctrl,train/approx_kl,2400256,0.002423418452963233
ctrl,train/approx_kl,2404352,0.002059895545244217
ctrl,train/approx_kl,2408448,0.0017392226727679372
ctrl,train/approx_kl,2412544,0.001601703930646181
ctrl,train/approx_kl,2416640,0.0008795354515314102
ctrl,train/approx_kl,2420736,0.001328804180957377
ctrl,train/approx_kl,2424832,0.0014474254567176104
ctrl,train/approx_kl,2428928,0.0019438131712377071
ctrl,train/approx_kl,2433024,0.0012268808204680681
ctrl,train/approx_kl,2437120,0.0032702877651900053
ctrl,train/approx_kl,2441216,0.0011966933961957693
ctrl,train/approx_kl,2445312,0.0017100159311667085
ctrl,train/approx_kl,2449408,0.001882137730717659
ctrl,train/approx_kl,2453504,0.0019249666947871447
ctrl,train/approx_kl,2457600,0.0013191570760682225
ctrl,train/approx_kl,2461696,0.0005815336480736732
ctrl,train/approx_kl,2465792,0.00047573851770721376
ctrl,train/approx_kl,2469888,0.0009165649535134435
ctrl,train/approx_kl,2473984,0.0021090523805469275
ctrl,train/approx_kl,2478080,0.0021146219223737717
ctrl,train/approx_kl,2482176,0.0013177727814763784
ctrl,train/approx_kl,2486272,0.003555553499609232
ctrl,train/approx_kl,2490368,0.0018979845335707068
ctrl,train/approx_kl,2494464,0.001111443154513836
ctrl,train/approx_kl,2498560,0.0023418976925313473
ctrl,train/approx_kl,2502656,0.0037556712049990892
ctrl,train/approx_kl,2506752,0.00196711253374815
ctrl,train/approx_kl,2510848,0.0015308649744838476
ctrl,train/approx_kl,2514944,0.0021429837215691805
ctrl,train/approx_kl,2519040,0.001144452951848507
ctrl,train/approx_kl,2523136,0.0021115359850227833
ctrl,train/approx_kl,2527232,0.0017704928759485483
ctrl,train/approx_kl,2531328,0.0025746431201696396
ctrl,train/approx_kl,2535424,0.0017730325926095247
ctrl,train/approx_kl,2539520,0.002165809739381075
ctrl,train/approx_kl,2547712,0.0014571575447916985
ctrl,train/approx_kl,2551808,0.001544843427836895
ctrl,train/approx_kl,2555904,0.002953976159915328
ctrl,train/approx_kl,2560000,0.0010159998200833797
ctrl,train/approx_kl,2564096,0.0016508635599166155
ctrl,train/approx_kl,2568192,0.001386949559673667
ctrl,train/approx_kl,2572288,0.0018962175818160176
ctrl,train/approx_kl,2576384,0.0011019229423254728
ctrl,train/approx_kl,2580480,0.0021166778169572353
ctrl,train/approx_kl,2584576,0.0043535553850233555
ctrl,train/approx_kl,2588672,0.0006886277697049081
ctrl,train/approx_kl,2592768,0.0018762911204248667
ctrl,train/approx_kl,2596864,0.00121498410589993
ctrl,train/approx_kl,2600960,0.0016529933782294393
ctrl,train/approx_kl,2605056,0.0015844813315197825
ctrl,train/approx_kl,2609152,0.002267328789457679
ctrl,train/approx_kl,2613248,0.0029368489049375057
ctrl,train/approx_kl,2617344,0.0017959995893761516
ctrl,train/approx_kl,2621440,0.0014575510285794735
ctrl,train/approx_kl,2625536,0.0015826679300516844
ctrl,train/approx_kl,2629632,0.0017517053056508303
ctrl,train/approx_kl,2633728,0.0026100280229002237
ctrl,train/approx_kl,2637824,0.0015941279707476497
ctrl,train/approx_kl,2641920,0.00133380270563066
ctrl,train/approx_kl,2646016,0.0025625943671911955
ctrl,train/approx_kl,2650112,0.002203263808041811
ctrl,train/approx_kl,2654208,0.0013362737372517586
ctrl,train/approx_kl,2658304,0.001185571076348424
ctrl,train/approx_kl,2662400,0.0019264593720436096
ctrl,train/approx_kl,2666496,0.0019279923290014267
ctrl,train/approx_kl,2670592,0.0029885065741837025
ctrl,train/approx_kl,2674688,0.002366282045841217
ctrl,train/approx_kl,2678784,0.001929533202201128
ctrl,train/approx_kl,2682880,0.0014710735995322466
ctrl,train/approx_kl,2686976,0.0011092814384028316
ctrl,train/approx_kl,2691072,0.0014952423516660929
ctrl,train/approx_kl,2695168,0.001722319284453988
ctrl,train/approx_kl,2699264,0.0018995890859514475
ctrl,train/approx_kl,2703360,0.0018019184935837984
ctrl,train/approx_kl,2707456,0.0007629902684129775
ctrl,train/approx_kl,2711552,0.0021285172551870346
ctrl,train/approx_kl,2715648,0.0006911656819283962
ctrl,train/approx_kl,2719744,0.0013445564545691013
ctrl,train/approx_kl,2723840,0.0008530871127732098
ctrl,train/approx_kl,2727936,0.0011945441365242004
ctrl,train/approx_kl,2732032,0.0012187244137749076
ctrl,train/approx_kl,2736128,0.001824685139581561
ctrl,train/approx_kl,2740224,0.0010003580246120691
ctrl,train/approx_kl,2744320,0.0017860318766906857
ctrl,train/approx_kl,2748416,0.0013113925233483315
ctrl,train/approx_kl,2752512,0.0007915716851130128
ctrl,train/approx_kl,2756608,0.0012985412031412125
ctrl,train/approx_kl,2760704,0.0013809362426400185
ctrl,train/approx_kl,2764800,0.0010314114624634385
ctrl,train/approx_kl,2768896,0.0018137248698621988
ctrl,train/approx_kl,2772992,0.0009157434105873108
ctrl,train/approx_kl,2777088,0.0012847967445850372
ctrl,train/approx_kl,2781184,0.002300635911524296
ctrl,train/approx_kl,2785280,0.0030591075774282217
ctrl,train/approx_kl,2789376,0.002125082304701209
ctrl,train/approx_kl,2793472,0.001435504062101245
ctrl,train/approx_kl,2801664,0.0016555635957047343
ctrl,train/approx_kl,2805760,0.001379766734316945
ctrl,train/approx_kl,2809856,0.0021052018273621798
ctrl,train/approx_kl,2813952,0.0012991620460525155
ctrl,train/approx_kl,2818048,0.0009430773789063096
ctrl,train/approx_kl,2822144,0.0020128628239035606
ctrl,train/approx_kl,2826240,0.0018745417473837733
ctrl,train/approx_kl,2830336,0.0008931251941248775
ctrl,train/approx_kl,2834432,0.0007180031971074641
ctrl,train/approx_kl,2838528,0.0009351968765258789
ctrl,train/approx_kl,2842624,0.002252166159451008
ctrl,train/approx_kl,2846720,0.0010205451399087906
ctrl,train/approx_kl,2850816,0.0011316256131976843
ctrl,train/approx_kl,2854912,0.0013691852800548077
ctrl,train/approx_kl,2859008,0.0007762181921862066
ctrl,train/approx_kl,2863104,0.0013811932876706123
ctrl,train/approx_kl,2867200,0.0018005585297942162
ctrl,train/approx_kl,2871296,0.0020976895466446877
ctrl,train/approx_kl,2875392,0.0009371965425089002
ctrl,train/approx_kl,2879488,0.0012988804373890162
ctrl,train/approx_kl,2883584,0.0006848103366792202
ctrl,train/approx_kl,2887680,0.0015361425466835499
ctrl,train/approx_kl,2891776,0.00045143222087062895
ctrl,train/approx_kl,2895872,0.0013295159442350268
ctrl,train/approx_kl,2899968,0.0008884741109795868
ctrl,train/approx_kl,2904064,0.0009789406321942806
ctrl,train/approx_kl,2908160,0.0009394997614435852
ctrl,train/approx_kl,2912256,0.0028738239780068398
ctrl,train/approx_kl,2916352,0.0018687532283365726
ctrl,train/approx_kl,2920448,0.0022104205563664436
ctrl,train/approx_kl,2924544,0.0013586680870503187
ctrl,train/approx_kl,2928640,0.0008171785739250481
ctrl,train/approx_kl,2932736,0.0008326329989358783
ctrl,train/approx_kl,2936832,0.0015013603260740638
ctrl,train/approx_kl,2940928,0.0009829315822571516
ctrl,train/approx_kl,2945024,0.0013444351498037577
ctrl,train/approx_kl,2949120,0.0014541257405653596
ctrl,train/approx_kl,2953216,0.0018653995357453823
ctrl,train/approx_kl,2957312,0.000727737438865006
ctrl,train/approx_kl,2961408,0.0007602273253723979
ctrl,train/approx_kl,2965504,0.0016919970512390137
ctrl,train/approx_kl,2969600,0.0015642766375094652
ctrl,train/approx_kl,2973696,0.0009435317479074001
ctrl,train/approx_kl,2977792,0.0017979748081415892
ctrl,train/approx_kl,2981888,0.0014892409089952707
ctrl,train/approx_kl,2985984,0.002477300353348255
ctrl,train/approx_kl,2990080,0.0014992529759183526
ctrl,train/approx_kl,2994176,0.0017448170110583305
ctrl,train/approx_kl,2998272,0.0011737277964130044
ctrl,train/approx_kl,3002368,0.0011696243891492486
ctrl,train/approx_kl,3006464,0.0006523680640384555
ctrl,train/approx_kl,3010560,0.0010232428321614861
ctrl,train/approx_kl,3014656,0.0011773600708693266
ctrl,train/approx_kl,3018752,0.0008160962024703622
ctrl,train/approx_kl,3022848,0.0016454786527901888
ctrl,train/approx_kl,3026944,0.0031626983545720577
ctrl,train/approx_kl,3031040,0.0015041125006973743
ctrl,train/approx_kl,3035136,0.0019978436175733805
ctrl,train/approx_kl,3039232,0.0010316657135263085
ctrl,train/approx_kl,3043328,0.001694427919574082
ctrl,train/approx_kl,3047424,0.000679136486724019
ramp,train/entropy_loss,8192,-0.21920400857925415
ramp,train/entropy_loss,12288,-0.21623651683330536
ramp,train/entropy_loss,16384,-0.20980747044086456
ramp,train/entropy_loss,20480,-0.2003588229417801
ramp,train/entropy_loss,24576,-0.19066940248012543
ramp,train/entropy_loss,28672,-0.19518841803073883
ramp,train/entropy_loss,32768,-0.19544717669487
ramp,train/entropy_loss,36864,-0.20565098524093628
ramp,train/entropy_loss,40960,-0.19441711902618408
ramp,train/entropy_loss,45056,-0.20326058566570282
ramp,train/entropy_loss,49152,-0.19605286419391632
ramp,train/entropy_loss,53248,-0.18811026215553284
ramp,train/entropy_loss,57344,-0.17408709228038788
ramp,train/entropy_loss,61440,-0.20084421336650848
ramp,train/entropy_loss,65536,-0.18853621184825897
ramp,train/entropy_loss,69632,-0.182396799325943
ramp,train/entropy_loss,73728,-0.17520062625408173
ramp,train/entropy_loss,77824,-0.18427759408950806
ramp,train/entropy_loss,81920,-0.1874074935913086
ramp,train/entropy_loss,86016,-0.17979279160499573
ramp,train/entropy_loss,90112,-0.17212393879890442
ramp,train/entropy_loss,94208,-0.16609694063663483
ramp,train/entropy_loss,98304,-0.17351913452148438
ramp,train/entropy_loss,102400,-0.1680275946855545
ramp,train/entropy_loss,106496,-0.17960171401500702
ramp,train/entropy_loss,110592,-0.18327751755714417
ramp,train/entropy_loss,114688,-0.17540602385997772
ramp,train/entropy_loss,118784,-0.17573581635951996
ramp,train/entropy_loss,122880,-0.17611312866210938
ramp,train/entropy_loss,126976,-0.1808033585548401
ramp,train/entropy_loss,131072,-0.17926108837127686
ramp,train/entropy_loss,135168,-0.18084585666656494
ramp,train/entropy_loss,139264,-0.17942026257514954
ramp,train/entropy_loss,143360,-0.17532648146152496
ramp,train/entropy_loss,147456,-0.18233166635036469
ramp,train/entropy_loss,151552,-0.15282638370990753
ramp,train/entropy_loss,155648,-0.17460201680660248
ramp,train/entropy_loss,159744,-0.15907563269138336
ramp,train/entropy_loss,163840,-0.16910743713378906
ramp,train/entropy_loss,167936,-0.17204764485359192
ramp,train/entropy_loss,172032,-0.1641434133052826
ramp,train/entropy_loss,176128,-0.17491517961025238
ramp,train/entropy_loss,180224,-0.16830822825431824
ramp,train/entropy_loss,184320,-0.16124702990055084
ramp,train/entropy_loss,188416,-0.16813674569129944
ramp,train/entropy_loss,192512,-0.17055103182792664
ramp,train/entropy_loss,196608,-0.16824600100517273
ramp,train/entropy_loss,200704,-0.17384697496891022
ramp,train/entropy_loss,204800,-0.16738317906856537
ramp,train/entropy_loss,208896,-0.1631503701210022
ramp,train/entropy_loss,212992,-0.16693115234375
ramp,train/entropy_loss,217088,-0.17244099080562592
ramp,train/entropy_loss,221184,-0.16837561130523682
ramp,train/entropy_loss,225280,-0.15781375765800476
ramp,train/entropy_loss,229376,-0.16827957332134247
ramp,train/entropy_loss,233472,-0.16989487409591675
ramp,train/entropy_loss,237568,-0.16994912922382355
ramp,train/entropy_loss,241664,-0.1747259497642517
ramp,train/entropy_loss,245760,-0.1702524572610855
ramp,train/entropy_loss,249856,-0.1780983805656433
ramp,train/entropy_loss,253952,-0.18057426810264587
ramp,train/entropy_loss,262144,-0.17431524395942688
ramp,train/entropy_loss,266240,-0.18261586129665375
ramp,train/entropy_loss,270336,-0.1825270652770996
ramp,train/entropy_loss,274432,-0.19205056130886078
ramp,train/entropy_loss,278528,-0.19086050987243652
ramp,train/entropy_loss,282624,-0.19098754227161407
ramp,train/entropy_loss,286720,-0.19266392290592194
ramp,train/entropy_loss,290816,-0.17633947730064392
ramp,train/entropy_loss,294912,-0.1981041133403778
ramp,train/entropy_loss,299008,-0.17501986026763916
ramp,train/entropy_loss,303104,-0.18427857756614685
ramp,train/entropy_loss,307200,-0.18300794064998627
ramp,train/entropy_loss,311296,-0.1832098662853241
ramp,train/entropy_loss,315392,-0.18957404792308807
ramp,train/entropy_loss,319488,-0.1835746467113495
ramp,train/entropy_loss,323584,-0.18891550600528717
ramp,train/entropy_loss,327680,-0.17054370045661926
ramp,train/entropy_loss,331776,-0.18375831842422485
ramp,train/entropy_loss,335872,-0.18256492912769318
ramp,train/entropy_loss,339968,-0.18524828553199768
ramp,train/entropy_loss,344064,-0.18395549058914185
ramp,train/entropy_loss,348160,-0.18762533366680145
ramp,train/entropy_loss,352256,-0.18707528710365295
ramp,train/entropy_loss,356352,-0.1747036874294281
ramp,train/entropy_loss,360448,-0.18104387819766998
ramp,train/entropy_loss,364544,-0.18120737373828888
ramp,train/entropy_loss,368640,-0.18319419026374817
ramp,train/entropy_loss,372736,-0.18083655834197998
ramp,train/entropy_loss,376832,-0.18391871452331543
ramp,train/entropy_loss,380928,-0.18293406069278717
ramp,train/entropy_loss,385024,-0.17033638060092926
ramp,train/entropy_loss,389120,-0.16665667295455933
ramp,train/entropy_loss,393216,-0.1737412065267563
ramp,train/entropy_loss,397312,-0.16255933046340942
ramp,train/entropy_loss,401408,-0.179019957780838
ramp,train/entropy_loss,405504,-0.16276749968528748
ramp,train/entropy_loss,409600,-0.16692349314689636
ramp,train/entropy_loss,413696,-0.18769368529319763
ramp,train/entropy_loss,417792,-0.16956272721290588
ramp,train/entropy_loss,421888,-0.17200195789337158
ramp,train/entropy_loss,425984,-0.1821296066045761
ramp,train/entropy_loss,430080,-0.17848265171051025
ramp,train/entropy_loss,434176,-0.17094257473945618
ramp,train/entropy_loss,438272,-0.16831812262535095
ramp,train/entropy_loss,442368,-0.17000067234039307
ramp,train/entropy_loss,446464,-0.16904573142528534
ramp,train/entropy_loss,450560,-0.16695068776607513
ramp,train/entropy_loss,454656,-0.15350669622421265
ramp,train/entropy_loss,458752,-0.16808158159255981
ramp,train/entropy_loss,462848,-0.1672402024269104
ramp,train/entropy_loss,466944,-0.163124680519104
ramp,train/entropy_loss,471040,-0.16718681156635284
ramp,train/entropy_loss,475136,-0.1684241145849228
ramp,train/entropy_loss,479232,-0.16897526383399963
ramp,train/entropy_loss,483328,-0.1918894201517105
ramp,train/entropy_loss,487424,-0.16133572161197662
ramp,train/entropy_loss,491520,-0.18064580857753754
ramp,train/entropy_loss,495616,-0.172553151845932
ramp,train/entropy_loss,499712,-0.18278749287128448
ramp,train/entropy_loss,503808,-0.17350271344184875
ramp,train/entropy_loss,507904,-0.17113643884658813
ramp,train/entropy_loss,516096,-0.17613130807876587
ramp,train/entropy_loss,520192,-0.16634634137153625
ramp,train/entropy_loss,524288,-0.15741080045700073
ramp,train/entropy_loss,528384,-0.16311481595039368
ramp,train/entropy_loss,532480,-0.1626671999692917
ramp,train/entropy_loss,536576,-0.15925997495651245
ramp,train/entropy_loss,540672,-0.17025485634803772
ramp,train/entropy_loss,544768,-0.19059494137763977
ramp,train/entropy_loss,548864,-0.18508675694465637
ramp,train/entropy_loss,552960,-0.16406235098838806
ramp,train/entropy_loss,557056,-0.1682315170764923
ramp,train/entropy_loss,561152,-0.16931851208209991
ramp,train/entropy_loss,565248,-0.1753145456314087
ramp,train/entropy_loss,569344,-0.1678597778081894
ramp,train/entropy_loss,573440,-0.1690182387828827
ramp,train/entropy_loss,577536,-0.15952615439891815
ramp,train/entropy_loss,581632,-0.17380812764167786
ramp,train/entropy_loss,585728,-0.18419501185417175
ramp,train/entropy_loss,589824,-0.15841421484947205
ramp,train/entropy_loss,593920,-0.16515877842903137
ramp,train/entropy_loss,598016,-0.15957576036453247
ramp,train/entropy_loss,602112,-0.15765917301177979
ramp,train/entropy_loss,606208,-0.1721552610397339
ramp,train/entropy_loss,610304,-0.16471503674983978
ramp,train/entropy_loss,614400,-0.16876038908958435
ramp,train/entropy_loss,618496,-0.16873303055763245
ramp,train/entropy_loss,622592,-0.16725894808769226
ramp,train/entropy_loss,626688,-0.16151754558086395
ramp,train/entropy_loss,630784,-0.1695140302181244
ramp,train/entropy_loss,634880,-0.1609199345111847
ramp,train/entropy_loss,638976,-0.1734837144613266
ramp,train/entropy_loss,643072,-0.1738022267818451
ramp,train/entropy_loss,647168,-0.16584351658821106
ramp,train/entropy_loss,651264,-0.1726173758506775
ramp,train/entropy_loss,655360,-0.15085873007774353
ramp,train/entropy_loss,659456,-0.18132084608078003
ramp,train/entropy_loss,663552,-0.1816365122795105
ramp,train/entropy_loss,667648,-0.17399270832538605
ramp,train/entropy_loss,671744,-0.1820533275604248
ramp,train/entropy_loss,675840,-0.17990072071552277
ramp,train/entropy_loss,679936,-0.17435644567012787
ramp,train/entropy_loss,684032,-0.1673755645751953
ramp,train/entropy_loss,688128,-0.1748809516429901
ramp,train/entropy_loss,692224,-0.17809611558914185
ramp,train/entropy_loss,696320,-0.18112094700336456
ramp,train/entropy_loss,700416,-0.17677852511405945
ramp,train/entropy_loss,704512,-0.17981866002082825
ramp,train/entropy_loss,708608,-0.1701790988445282
ramp,train/entropy_loss,712704,-0.17335617542266846
ramp,train/entropy_loss,716800,-0.16871918737888336
ramp,train/entropy_loss,720896,-0.1689607948064804
ramp,train/entropy_loss,724992,-0.18346445262432098
ramp,train/entropy_loss,729088,-0.17588435113430023
ramp,train/entropy_loss,733184,-0.1815277338027954
ramp,train/entropy_loss,737280,-0.19072319567203522
ramp,train/entropy_loss,741376,-0.1730242520570755
ramp,train/entropy_loss,745472,-0.1878185123205185
ramp,train/entropy_loss,749568,-0.17958103120326996
ramp,train/entropy_loss,753664,-0.16973377764225006
ramp,train/entropy_loss,757760,-0.1915956288576126
ramp,train/entropy_loss,761856,-0.1933578997850418
ramp,train/entropy_loss,770048,-0.19650892913341522
ramp,train/entropy_loss,774144,-0.1701585054397583
ramp,train/entropy_loss,778240,-0.19147330522537231
ramp,train/entropy_loss,782336,-0.17875853180885315
ramp,train/entropy_loss,786432,-0.17533671855926514
ramp,train/entropy_loss,790528,-0.18941237032413483
ramp,train/entropy_loss,794624,-0.19196946918964386
ramp,train/entropy_loss,798720,-0.1760585457086563
ramp,train/entropy_loss,802816,-0.17840000987052917
ramp,train/entropy_loss,806912,-0.18214845657348633
ramp,train/entropy_loss,811008,-0.17330771684646606
ramp,train/entropy_loss,815104,-0.17284882068634033
ramp,train/entropy_loss,819200,-0.16860158741474152
ramp,train/entropy_loss,823296,-0.17595966160297394
ramp,train/entropy_loss,827392,-0.1867094337940216
ramp,train/entropy_loss,831488,-0.17883528769016266
ramp,train/entropy_loss,835584,-0.16764333844184875
ramp,train/entropy_loss,839680,-0.16489169001579285
ramp,train/entropy_loss,843776,-0.1794513612985611
ramp,train/entropy_loss,847872,-0.1764136105775833
ramp,train/entropy_loss,851968,-0.1716746985912323
ramp,train/entropy_loss,856064,-0.16593044996261597
ramp,train/entropy_loss,860160,-0.16074730455875397
ramp,train/entropy_loss,864256,-0.16078096628189087
ramp,train/entropy_loss,868352,-0.1529102623462677
ramp,train/entropy_loss,872448,-0.15996089577674866
ramp,train/entropy_loss,876544,-0.16118988394737244
ramp,train/entropy_loss,880640,-0.15922857820987701
ramp,train/entropy_loss,884736,-0.15976032614707947
ramp,train/entropy_loss,888832,-0.1397877037525177
ramp,train/entropy_loss,892928,-0.157491073012352
ramp,train/entropy_loss,897024,-0.15637928247451782
ramp,train/entropy_loss,901120,-0.16092847287654877
ramp,train/entropy_loss,905216,-0.15092192590236664
ramp,train/entropy_loss,909312,-0.16252125799655914
ramp,train/entropy_loss,913408,-0.15972448885440826
ramp,train/entropy_loss,917504,-0.15997208654880524
ramp,train/entropy_loss,921600,-0.1650596708059311
ramp,train/entropy_loss,925696,-0.163720965385437
ramp,train/entropy_loss,929792,-0.16377033293247223
ramp,train/entropy_loss,933888,-0.15028195083141327
ramp,train/entropy_loss,937984,-0.16770504415035248
ramp,train/entropy_loss,942080,-0.1545698493719101
ramp,train/entropy_loss,946176,-0.15664376318454742
ramp,train/entropy_loss,950272,-0.16395573318004608
ramp,train/entropy_loss,954368,-0.16873544454574585
ramp,train/entropy_loss,958464,-0.14948785305023193
ramp,train/entropy_loss,962560,-0.15122926235198975
ramp,train/entropy_loss,966656,-0.15354347229003906
ramp,train/entropy_loss,970752,-0.16529983282089233
ramp,train/entropy_loss,974848,-0.16611504554748535
ramp,train/entropy_loss,978944,-0.1464444100856781
ramp,train/entropy_loss,983040,-0.16359356045722961
ramp,train/entropy_loss,987136,-0.16929757595062256
ramp,train/entropy_loss,991232,-0.16151636838912964
ramp,train/entropy_loss,995328,-0.1593729853630066
ramp,train/entropy_loss,999424,-0.16388186812400818
ramp,train/entropy_loss,1003520,-0.1673019975423813
ramp,train/entropy_loss,1007616,-0.15723824501037598
ramp,train/entropy_loss,1011712,-0.1542270928621292
ramp,train/entropy_loss,1015808,-0.16624757647514343
ramp,train/entropy_loss,1024000,-0.16115383803844452
ramp,train/entropy_loss,1028096,-0.17902575433254242
ramp,train/entropy_loss,1032192,-0.16728220880031586
ramp,train/entropy_loss,1036288,-0.15979070961475372
ramp,train/entropy_loss,1040384,-0.17353129386901855
ramp,train/entropy_loss,1044480,-0.1817125678062439
ramp,train/entropy_loss,1048576,-0.1776657998561859
ramp,train/entropy_loss,1052672,-0.17398487031459808
ramp,train/entropy_loss,1056768,-0.16903387010097504
ramp,train/entropy_loss,1060864,-0.1818114072084427
ramp,train/entropy_loss,1064960,-0.17433081567287445
ramp,train/entropy_loss,1069056,-0.17365890741348267
ramp,train/entropy_loss,1073152,-0.17383867502212524
ramp,train/entropy_loss,1077248,-0.18363921344280243
ramp,train/entropy_loss,1081344,-0.17547665536403656
ramp,train/entropy_loss,1085440,-0.1783352494239807
ramp,train/entropy_loss,1089536,-0.18234044313430786
ramp,train/entropy_loss,1093632,-0.17573177814483643
ramp,train/entropy_loss,1097728,-0.1631651222705841
ramp,train/entropy_loss,1101824,-0.17667411267757416
ramp,train/entropy_loss,1105920,-0.1686265468597412
ramp,train/entropy_loss,1110016,-0.17903178930282593
ramp,train/entropy_loss,1114112,-0.17944921553134918
ramp,train/entropy_loss,1118208,-0.17463092505931854
ramp,train/entropy_loss,1122304,-0.1745966225862503
ramp,train/entropy_loss,1126400,-0.17118117213249207
ramp,train/entropy_loss,1130496,-0.16822820901870728
ramp,train/entropy_loss,1134592,-0.16403737664222717
ramp,train/entropy_loss,1138688,-0.1671125292778015
ramp,train/entropy_loss,1142784,-0.178222194314003
ramp,train/entropy_loss,1146880,-0.17305797338485718
ramp,train/entropy_loss,1150976,-0.1687377691268921
ramp,train/entropy_loss,1155072,-0.17743000388145447
ramp,train/entropy_loss,1159168,-0.16974690556526184
ramp,train/entropy_loss,1163264,-0.17658019065856934
ramp,train/entropy_loss,1167360,-0.17304643988609314
ramp,train/entropy_loss,1171456,-0.17646031081676483
ramp,train/entropy_loss,1175552,-0.17560023069381714
ramp,train/entropy_loss,1179648,-0.17399942874908447
ramp,train/entropy_loss,1183744,-0.1618555635213852
ramp,train/entropy_loss,1187840,-0.18027567863464355
ramp,train/entropy_loss,1191936,-0.16318932175636292
ramp,train/entropy_loss,1196032,-0.15831580758094788
ramp,train/entropy_loss,1200128,-0.16048835217952728
ramp,train/entropy_loss,1204224,-0.15995149314403534
ramp,train/entropy_loss,1208320,-0.1664961576461792
ramp,train/entropy_loss,1212416,-0.16569222509860992
ramp,train/entropy_loss,1216512,-0.17177721858024597
ramp,train/entropy_loss,1220608,-0.17006723582744598
ramp,train/entropy_loss,1224704,-0.17546027898788452
ramp,train/entropy_loss,1228800,-0.17892302572727203
ramp,train/entropy_loss,1232896,-0.18128609657287598
ramp,train/entropy_loss,1236992,-0.17753128707408905
ramp,train/entropy_loss,1241088,-0.17058394849300385
ramp,train/entropy_loss,1245184,-0.15704397857189178
ramp,train/entropy_loss,1249280,-0.18626970052719116
ramp,train/entropy_loss,1253376,-0.17316915094852448
ramp,train/entropy_loss,1257472,-0.16936466097831726
ramp,train/entropy_loss,1261568,-0.17870567739009857
ramp,train/entropy_loss,1265664,-0.17082910239696503
ramp,train/entropy_loss,1269760,-0.17541563510894775
ramp,train/entropy_loss,1277952,-0.16137996315956116
ramp,train/entropy_loss,1282048,-0.18696504831314087
ramp,train/entropy_loss,1286144,-0.17547084391117096
ramp,train/entropy_loss,1290240,-0.1714637577533722
ramp,train/entropy_loss,1294336,-0.17068983614444733
ramp,train/entropy_loss,1298432,-0.16763833165168762
ramp,train/entropy_loss,1302528,-0.17859378457069397
ramp,train/entropy_loss,1306624,-0.175383523106575
ramp,train/entropy_loss,1310720,-0.17315815389156342
ramp,train/entropy_loss,1314816,-0.16973847150802612
ramp,train/entropy_loss,1318912,-0.18465542793273926
ramp,train/entropy_loss,1323008,-0.1785847395658493
ramp,train/entropy_loss,1327104,-0.17612743377685547
ramp,train/entropy_loss,1331200,-0.18513773381710052
ramp,train/entropy_loss,1335296,-0.17536906898021698
ramp,train/entropy_loss,1339392,-0.18426527082920074
ramp,train/entropy_loss,1343488,-0.16194085776805878
ramp,train/entropy_loss,1347584,-0.16967102885246277
ramp,train/entropy_loss,1351680,-0.1556515097618103
ramp,train/entropy_loss,1355776,-0.15659666061401367
ramp,train/entropy_loss,1359872,-0.17302639782428741
ramp,train/entropy_loss,1363968,-0.1677490770816803
ramp,train/entropy_loss,1368064,-0.15606068074703217
ramp,train/entropy_loss,1372160,-0.1673920601606369
ramp,train/entropy_loss,1376256,-0.16622336208820343
ramp,train/entropy_loss,1380352,-0.16394665837287903
ramp,train/entropy_loss,1384448,-0.16142044961452484
ramp,train/entropy_loss,1388544,-0.1478578746318817
ramp,train/entropy_loss,1392640,-0.15659673511981964
ramp,train/entropy_loss,1396736,-0.16398409008979797
ramp,train/entropy_loss,1400832,-0.161124125123024
ramp,train/entropy_loss,1404928,-0.16429677605628967
ramp,train/entropy_loss,1409024,-0.1668189913034439
ramp,train/entropy_loss,1413120,-0.15669052302837372
ramp,train/entropy_loss,1417216,-0.1589733511209488
ramp,train/entropy_loss,1421312,-0.15972094237804413
ramp,train/entropy_loss,1425408,-0.14851996302604675
ramp,train/entropy_loss,1429504,-0.16705849766731262
ramp,train/entropy_loss,1433600,-0.15828916430473328
ramp,train/entropy_loss,1437696,-0.1870211958885193
ramp,train/entropy_loss,1441792,-0.17032630741596222
ramp,train/entropy_loss,1445888,-0.16005775332450867
ramp,train/entropy_loss,1449984,-0.1693280041217804
ramp,train/entropy_loss,1454080,-0.17568054795265198
ramp,train/entropy_loss,1458176,-0.16175252199172974
ramp,train/entropy_loss,1462272,-0.1879187524318695
ramp,train/entropy_loss,1466368,-0.1710415631532669
ramp,train/entropy_loss,1470464,-0.1744055449962616
ramp,train/entropy_loss,1474560,-0.17269012331962585
ramp,train/entropy_loss,1478656,-0.16223640739917755
ramp,train/entropy_loss,1482752,-0.16306239366531372
ramp,train/entropy_loss,1486848,-0.16989000141620636
ramp,train/entropy_loss,1490944,-0.16765716671943665
ramp,train/entropy_loss,1495040,-0.1662358045578003
ramp,train/entropy_loss,1499136,-0.16154566407203674
ramp,train/entropy_loss,1503232,-0.16538436710834503
ramp,train/entropy_loss,1507328,-0.1666036695241928
ramp,train/entropy_loss,1511424,-0.18403607606887817
ramp,train/entropy_loss,1515520,-0.17843671143054962
ramp,train/entropy_loss,1519616,-0.1867600530385971
ramp,train/entropy_loss,1523712,-0.19041194021701813
ramp,train/entropy_loss,1531904,-0.1769336760044098
ramp,train/entropy_loss,1536000,-0.18651825189590454
ramp,train/entropy_loss,1540096,-0.18247345089912415
ramp,train/entropy_loss,1544192,-0.19011564552783966
ramp,train/entropy_loss,1548288,-0.18298576772212982
ramp,train/entropy_loss,1552384,-0.18672356009483337
ramp,train/entropy_loss,1556480,-0.1863495111465454
ramp,train/entropy_loss,1560576,-0.18632154166698456
ramp,train/entropy_loss,1564672,-0.18682634830474854
ramp,train/entropy_loss,1568768,-0.18314430117607117
ramp,train/entropy_loss,1572864,-0.187564879655838
ramp,train/entropy_loss,1576960,-0.18707512319087982
ramp,train/entropy_loss,1581056,-0.19498001039028168
ramp,train/entropy_loss,1585152,-0.1825481355190277
ramp,train/entropy_loss,1589248,-0.175843745470047
ramp,train/entropy_loss,1593344,-0.18575990200042725
ramp,train/entropy_loss,1597440,-0.18706002831459045
ramp,train/entropy_loss,1601536,-0.20021863281726837
ramp,train/entropy_loss,1605632,-0.18993140757083893
ramp,train/entropy_loss,1609728,-0.18861515820026398
ramp,train/entropy_loss,1613824,-0.18053355813026428
ramp,train/entropy_loss,1617920,-0.18466439843177795
ramp,train/entropy_loss,1622016,-0.18651410937309265
ramp,train/entropy_loss,1626112,-0.18570896983146667
ramp,train/entropy_loss,1630208,-0.20221111178398132
ramp,train/entropy_loss,1634304,-0.2007008194923401
ramp,train/entropy_loss,1638400,-0.18076783418655396
ramp,train/entropy_loss,1642496,-0.2049172818660736
ramp,train/entropy_loss,1646592,-0.18328985571861267
ramp,train/entropy_loss,1650688,-0.2059391736984253
ramp,train/entropy_loss,1654784,-0.20761887729167938
ramp,train/entropy_loss,1658880,-0.21151259541511536
ramp,train/entropy_loss,1662976,-0.20110410451889038
ramp,train/entropy_loss,1667072,-0.20910048484802246
ramp,train/entropy_loss,1671168,-0.2066027671098709
ramp,train/entropy_loss,1675264,-0.2059725522994995
ramp,train/entropy_loss,1679360,-0.21266388893127441
ramp,train/entropy_loss,1683456,-0.20879928767681122
ramp,train/entropy_loss,1687552,-0.21516767144203186
ramp,train/entropy_loss,1691648,-0.20847102999687195
ramp,train/entropy_loss,1695744,-0.21229250729084015
ramp,train/entropy_loss,1699840,-0.2067204713821411
ramp,train/entropy_loss,1703936,-0.20702338218688965
ramp,train/entropy_loss,1708032,-0.22184966504573822
ramp,train/entropy_loss,1712128,-0.21402785181999207
ramp,train/entropy_loss,1716224,-0.21028120815753937
ramp,train/entropy_loss,1720320,-0.19736135005950928
ramp,train/entropy_loss,1724416,-0.20917652547359467
ramp,train/entropy_loss,1728512,-0.22387078404426575
ramp,train/entropy_loss,1732608,-0.21376173198223114
ramp,train/entropy_loss,1736704,-0.19823575019836426
ramp,train/entropy_loss,1740800,-0.20374265313148499
ramp,train/entropy_loss,1744896,-0.21395644545555115
ramp,train/entropy_loss,1748992,-0.19630903005599976
ramp,train/entropy_loss,1753088,-0.20013165473937988
ramp,train/entropy_loss,1757184,-0.20218518376350403
ramp,train/entropy_loss,1761280,-0.1822194755077362
ramp,train/entropy_loss,1765376,-0.19955715537071228
ramp,train/entropy_loss,1769472,-0.1937457174062729
ramp,train/entropy_loss,1773568,-0.1900056004524231
ramp,train/entropy_loss,1777664,-0.19236990809440613
ramp,train/entropy_loss,1785856,-0.1894359439611435
ramp,train/entropy_loss,1789952,-0.1902633011341095
ramp,train/entropy_loss,1794048,-0.18665413558483124
ramp,train/entropy_loss,1798144,-0.18913869559764862
ramp,train/entropy_loss,1802240,-0.17323829233646393
ramp,train/entropy_loss,1806336,-0.18281400203704834
ramp,train/entropy_loss,1810432,-0.17642498016357422
ramp,train/entropy_loss,1814528,-0.18071524798870087
ramp,train/entropy_loss,1818624,-0.18857251107692719
ramp,train/entropy_loss,1822720,-0.1673533022403717
ramp,train/entropy_loss,1826816,-0.1923946738243103
ramp,train/entropy_loss,1830912,-0.19473595917224884
ramp,train/entropy_loss,1835008,-0.196205735206604
ramp,train/entropy_loss,1839104,-0.18587003648281097
ramp,train/entropy_loss,1843200,-0.17345917224884033
ramp,train/entropy_loss,1847296,-0.1769057661294937
ramp,train/entropy_loss,1851392,-0.18155314028263092
ramp,train/entropy_loss,1855488,-0.17122821509838104
ramp,train/entropy_loss,1859584,-0.17046794295310974
ramp,train/entropy_loss,1863680,-0.18857447803020477
ramp,train/entropy_loss,1867776,-0.18928000330924988
ramp,train/entropy_loss,1871872,-0.18619181215763092
ramp,train/entropy_loss,1875968,-0.18845543265342712
ramp,train/entropy_loss,1880064,-0.1799420565366745
ramp,train/entropy_loss,1884160,-0.18248231709003448
ramp,train/entropy_loss,1888256,-0.19043971598148346
ramp,train/entropy_loss,1892352,-0.18474574387073517
ramp,train/entropy_loss,1896448,-0.18394382297992706
ramp,train/entropy_loss,1900544,-0.18018393218517303
ramp,train/entropy_loss,1904640,-0.19304023683071136
ramp,train/entropy_loss,1908736,-0.1810932159423828
ramp,train/entropy_loss,1912832,-0.18439212441444397
ramp,train/entropy_loss,1916928,-0.18831604719161987
ramp,train/entropy_loss,1921024,-0.18269269168376923
ramp,train/entropy_loss,1925120,-0.18884159624576569
ramp,train/entropy_loss,1929216,-0.2000460922718048
ramp,train/entropy_loss,1933312,-0.20183482766151428
ramp,train/entropy_loss,1937408,-0.18664053082466125
ramp,train/entropy_loss,1941504,-0.20192119479179382
ramp,train/entropy_loss,1945600,-0.1862054020166397
ramp,train/entropy_loss,1949696,-0.197061687707901
ramp,train/entropy_loss,1953792,-0.2005746066570282
ramp,train/entropy_loss,1957888,-0.18342812359333038
ramp,train/entropy_loss,1961984,-0.20116376876831055
ramp,train/entropy_loss,1966080,-0.19582492113113403
ramp,train/entropy_loss,1970176,-0.17692576348781586
ramp,train/entropy_loss,1974272,-0.2027757465839386
ramp,train/entropy_loss,1978368,-0.18698382377624512
ramp,train/entropy_loss,1982464,-0.19818085432052612
ramp,train/entropy_loss,1986560,-0.1833299994468689
ramp,train/entropy_loss,1990656,-0.18861836194992065
ramp,train/entropy_loss,1994752,-0.18999293446540833
ramp,train/entropy_loss,1998848,-0.20945808291435242
ramp,train/entropy_loss,2002944,-0.19737635552883148
ramp,train/entropy_loss,2007040,-0.20580647885799408
ramp,train/entropy_loss,2011136,-0.20415529608726501
ramp,train/entropy_loss,2015232,-0.20467610657215118
ramp,train/entropy_loss,2019328,-0.19089391827583313
ramp,train/entropy_loss,2023424,-0.19346027076244354
ramp,train/entropy_loss,2027520,-0.20464961230754852
ramp,train/entropy_loss,2031616,-0.2000451683998108
ramp,train/entropy_loss,2039808,-0.19711145758628845
ramp,train/entropy_loss,2043904,-0.19376884400844574
ramp,train/entropy_loss,2048000,-0.18788567185401917
ramp,train/entropy_loss,2052096,-0.18998314440250397
ramp,train/entropy_loss,2056192,-0.18313437700271606
ramp,train/entropy_loss,2060288,-0.1929076462984085
ramp,train/entropy_loss,2064384,-0.19037781655788422
ramp,train/entropy_loss,2068480,-0.19182804226875305
ramp,train/entropy_loss,2072576,-0.186738520860672
ramp,train/entropy_loss,2076672,-0.1977851390838623
ramp,train/entropy_loss,2080768,-0.18428689241409302
ramp,train/entropy_loss,2084864,-0.20047785341739655
ramp,train/entropy_loss,2088960,-0.19273781776428223
ramp,train/entropy_loss,2093056,-0.18813732266426086
ramp,train/entropy_loss,2097152,-0.1945861428976059
ramp,train/entropy_loss,2101248,-0.1968355029821396
ramp,train/entropy_loss,2105344,-0.19174231588840485
ramp,train/entropy_loss,2109440,-0.18698351085186005
ramp,train/entropy_loss,2113536,-0.17653757333755493
ramp,train/entropy_loss,2117632,-0.18652793765068054
ramp,train/entropy_loss,2121728,-0.1746431589126587
ramp,train/entropy_loss,2125824,-0.17125986516475677
ramp,train/entropy_loss,2129920,-0.16902825236320496
ramp,train/entropy_loss,2134016,-0.17643386125564575
ramp,train/entropy_loss,2138112,-0.16735732555389404
ramp,train/entropy_loss,2142208,-0.17333358526229858
ramp,train/entropy_loss,2146304,-0.15620288252830505
ramp,train/entropy_loss,2150400,-0.18265250325202942
ramp,train/entropy_loss,2154496,-0.16916733980178833
ramp,train/entropy_loss,2158592,-0.1860261708498001
ramp,train/entropy_loss,2162688,-0.17523226141929626
ramp,train/entropy_loss,2166784,-0.18236291408538818
ramp,train/entropy_loss,2170880,-0.18051433563232422
ramp,train/entropy_loss,2174976,-0.1887880116701126
ramp,train/entropy_loss,2179072,-0.1766481250524521
ramp,train/entropy_loss,2183168,-0.17867013812065125
ramp,train/entropy_loss,2187264,-0.18083202838897705
ramp,train/entropy_loss,2191360,-0.17010539770126343
ramp,train/entropy_loss,2195456,-0.18834519386291504
ramp,train/entropy_loss,2199552,-0.17011207342147827
ramp,train/entropy_loss,2203648,-0.1797076314687729
ramp,train/entropy_loss,2207744,-0.18050312995910645
ramp,train/entropy_loss,2211840,-0.1744678020477295
ramp,train/entropy_loss,2215936,-0.16198141872882843
ramp,train/entropy_loss,2220032,-0.1680024415254593
ramp,train/entropy_loss,2224128,-0.16899149119853973
ramp,train/entropy_loss,2228224,-0.17816270887851715
ramp,train/entropy_loss,2232320,-0.1693369448184967
ramp,train/entropy_loss,2236416,-0.18593353033065796
ramp,train/entropy_loss,2240512,-0.17600153386592865
ramp,train/entropy_loss,2244608,-0.1661868542432785
ramp,train/entropy_loss,2248704,-0.1646648794412613
ramp,train/entropy_loss,2252800,-0.15876077115535736
ramp,train/entropy_loss,2256896,-0.1589462161064148
ramp,train/entropy_loss,2260992,-0.1618647426366806
ramp,train/entropy_loss,2265088,-0.18189531564712524
ramp,train/entropy_loss,2269184,-0.16706830263137817
ramp,train/entropy_loss,2273280,-0.17375420033931732
ramp,train/entropy_loss,2277376,-0.16044668853282928
ramp,train/entropy_loss,2281472,-0.17040544748306274
ramp,train/entropy_loss,2285568,-0.1740633100271225
ramp,train/entropy_loss,2293760,-0.17655476927757263
ramp,train/entropy_loss,2297856,-0.17223723232746124
ramp,train/entropy_loss,2301952,-0.17514726519584656
ramp,train/entropy_loss,2306048,-0.16592952609062195
ramp,train/entropy_loss,2310144,-0.1709316372871399
ramp,train/entropy_loss,2314240,-0.1665138155221939
ramp,train/entropy_loss,2318336,-0.1826595813035965
ramp,train/entropy_loss,2322432,-0.18368154764175415
ramp,train/entropy_loss,2326528,-0.16048413515090942
ramp,train/entropy_loss,2330624,-0.17074953019618988
ramp,train/entropy_loss,2334720,-0.1793690174818039
ramp,train/entropy_loss,2338816,-0.17262811958789825
ramp,train/entropy_loss,2342912,-0.17599888145923615
ramp,train/entropy_loss,2347008,-0.17509053647518158
ramp,train/entropy_loss,2351104,-0.17566655576229095
ramp,train/entropy_loss,2355200,-0.18397000432014465
ramp,train/entropy_loss,2359296,-0.18000341951847076
ramp,train/entropy_loss,2363392,-0.183767631649971
ramp,train/entropy_loss,2367488,-0.16174696385860443
ramp,train/entropy_loss,2371584,-0.1789291799068451
ramp,train/entropy_loss,2375680,-0.17852181196212769
ramp,train/entropy_loss,2379776,-0.17607523500919342
ramp,train/entropy_loss,2383872,-0.1768844574689865
ramp,train/entropy_loss,2387968,-0.1738874465227127
ramp,train/entropy_loss,2392064,-0.17469877004623413
ramp,train/entropy_loss,2396160,-0.17477621138095856
ramp,train/entropy_loss,2400256,-0.1728440225124359
ramp,train/entropy_loss,2404352,-0.17306117713451385
ramp,train/entropy_loss,2408448,-0.16972556710243225
ramp,train/entropy_loss,2412544,-0.16100835800170898
ramp,train/entropy_loss,2416640,-0.16061559319496155
ramp,train/entropy_loss,2420736,-0.1753886342048645
ramp,train/entropy_loss,2424832,-0.17217010259628296
ramp,train/entropy_loss,2428928,-0.17766542732715607
ramp,train/entropy_loss,2433024,-0.1665336638689041
ramp,train/entropy_loss,2437120,-0.17559602856636047
ramp,train/entropy_loss,2441216,-0.18863901495933533
ramp,train/entropy_loss,2445312,-0.1835230439901352
ramp,train/entropy_loss,2449408,-0.1842985600233078
ramp,train/entropy_loss,2453504,-0.17981742322444916
ramp,train/entropy_loss,2457600,-0.1848822683095932
ramp,train/entropy_loss,2461696,-0.18405413627624512
ramp,train/entropy_loss,2465792,-0.17430374026298523
ramp,train/entropy_loss,2469888,-0.17725440859794617
ramp,train/entropy_loss,2473984,-0.17779389023780823
ramp,train/entropy_loss,2478080,-0.18059003353118896
ramp,train/entropy_loss,2482176,-0.18486323952674866
ramp,train/entropy_loss,2486272,-0.1871008276939392
ramp,train/entropy_loss,2490368,-0.16928106546401978
ramp,train/entropy_loss,2494464,-0.1745101660490036
ramp,train/entropy_loss,2498560,-0.1831893026828766
ramp,train/entropy_loss,2502656,-0.18471884727478027
ramp,train/entropy_loss,2506752,-0.17895768582820892
ramp,train/entropy_loss,2510848,-0.18194164335727692
ramp,train/entropy_loss,2514944,-0.18338295817375183
ramp,train/entropy_loss,2519040,-0.18686221539974213
ramp,train/entropy_loss,2523136,-0.18082906305789948
ramp,train/entropy_loss,2527232,-0.18833890557289124
ramp,train/entropy_loss,2531328,-0.19278520345687866
ramp,train/entropy_loss,2535424,-0.17187881469726562
ramp,train/entropy_loss,2539520,-0.1782779097557068
ramp,train/entropy_loss,2547712,-0.17884865403175354
ramp,train/entropy_loss,2551808,-0.18257293105125427
ramp,train/entropy_loss,2555904,-0.17227156460285187
ramp,train/entropy_loss,2560000,-0.18339617550373077
ramp,train/entropy_loss,2564096,-0.19285136461257935
ramp,train/entropy_loss,2568192,-0.1923564076423645
ramp,train/entropy_loss,2572288,-0.19768783450126648
ramp,train/entropy_loss,2576384,-0.19755153357982635
ramp,train/entropy_loss,2580480,-0.19546210765838623
ramp,train/entropy_loss,2584576,-0.19626137614250183
ramp,train/entropy_loss,2588672,-0.19899916648864746
ramp,train/entropy_loss,2592768,-0.19073240458965302
ramp,train/entropy_loss,2596864,-0.19120948016643524
ramp,train/entropy_loss,2600960,-0.20009970664978027
ramp,train/entropy_loss,2605056,-0.2044886350631714
ramp,train/entropy_loss,2609152,-0.19493764638900757
ramp,train/entropy_loss,2613248,-0.1857956200838089
ramp,train/entropy_loss,2617344,-0.1902904361486435
ramp,train/entropy_loss,2621440,-0.190132737159729
ramp,train/entropy_loss,2625536,-0.16513250768184662
ramp,train/entropy_loss,2629632,-0.1806337982416153
ramp,train/entropy_loss,2633728,-0.1919689029455185
ramp,train/entropy_loss,2637824,-0.1708221286535263
ramp,train/entropy_loss,2641920,-0.19195304811000824
ramp,train/entropy_loss,2646016,-0.16447597742080688
ramp,train/entropy_loss,2650112,-0.18636251986026764
ramp,train/entropy_loss,2654208,-0.19040034711360931
ramp,train/entropy_loss,2658304,-0.18602848052978516
ramp,train/entropy_loss,2662400,-0.18176743388175964
ramp,train/entropy_loss,2666496,-0.17422905564308167
ramp,train/entropy_loss,2670592,-0.17751246690750122
ramp,train/entropy_loss,2674688,-0.1859894096851349
ramp,train/entropy_loss,2678784,-0.1899871975183487
ramp,train/entropy_loss,2682880,-0.18159905076026917
ramp,train/entropy_loss,2686976,-0.18798281252384186
ramp,train/entropy_loss,2691072,-0.17923954129219055
ramp,train/entropy_loss,2695168,-0.17467059195041656
ramp,train/entropy_loss,2699264,-0.17710073292255402
ramp,train/entropy_loss,2703360,-0.17865894734859467
ramp,train/entropy_loss,2707456,-0.18027381598949432
ramp,train/entropy_loss,2711552,-0.18100136518478394
ramp,train/entropy_loss,2715648,-0.1816125214099884
ramp,train/entropy_loss,2719744,-0.1764056533575058
ramp,train/entropy_loss,2723840,-0.18334268033504486
ramp,train/entropy_loss,2727936,-0.17349113523960114
ramp,train/entropy_loss,2732032,-0.16694185137748718
ramp,train/entropy_loss,2736128,-0.18170121312141418
ramp,train/entropy_loss,2740224,-0.1696048527956009
ramp,train/entropy_loss,2744320,-0.16968360543251038
ramp,train/entropy_loss,2748416,-0.17854753136634827
ramp,train/entropy_loss,2752512,-0.17499226331710815
ramp,train/entropy_loss,2756608,-0.1778411716222763
ramp,train/entropy_loss,2760704,-0.1835477650165558
ramp,train/entropy_loss,2764800,-0.18295608460903168
ramp,train/entropy_loss,2768896,-0.1732572317123413
ramp,train/entropy_loss,2772992,-0.17422667145729065
ramp,train/entropy_loss,2777088,-0.17289413511753082
ramp,train/entropy_loss,2781184,-0.19354000687599182
ramp,train/entropy_loss,2785280,-0.1797754317522049
ramp,train/entropy_loss,2789376,-0.17658841609954834
ramp,train/entropy_loss,2793472,-0.16871832311153412
ramp,train/entropy_loss,2801664,-0.1735600233078003
ramp,train/entropy_loss,2805760,-0.18270914256572723
ramp,train/entropy_loss,2809856,-0.17286722362041473
ramp,train/entropy_loss,2813952,-0.1695043295621872
ramp,train/entropy_loss,2818048,-0.17689214646816254
ramp,train/entropy_loss,2822144,-0.1736651360988617
ramp,train/entropy_loss,2826240,-0.16671480238437653
ramp,train/entropy_loss,2830336,-0.16008663177490234
ramp,train/entropy_loss,2834432,-0.16843850910663605
ramp,train/entropy_loss,2838528,-0.1587255895137787
ramp,train/entropy_loss,2842624,-0.16176818311214447
ramp,train/entropy_loss,2846720,-0.18233655393123627
ramp,train/entropy_loss,2850816,-0.17313337326049805
ramp,train/entropy_loss,2854912,-0.17839211225509644
ramp,train/entropy_loss,2859008,-0.18973390758037567
ramp,train/entropy_loss,2863104,-0.1873341053724289
ramp,train/entropy_loss,2867200,-0.16465939581394196
ramp,train/entropy_loss,2871296,-0.16976957023143768
ramp,train/entropy_loss,2875392,-0.16059350967407227
ramp,train/entropy_loss,2879488,-0.16442354023456573
ramp,train/entropy_loss,2883584,-0.16899576783180237
ramp,train/entropy_loss,2887680,-0.1702783703804016
ramp,train/entropy_loss,2891776,-0.15020255744457245
ramp,train/entropy_loss,2895872,-0.1698305755853653
ramp,train/entropy_loss,2899968,-0.16210192441940308
ramp,train/entropy_loss,2904064,-0.16424144804477692
ramp,train/entropy_loss,2908160,-0.16982680559158325
ramp,train/entropy_loss,2912256,-0.15166381001472473
ramp,train/entropy_loss,2916352,-0.1606355458498001
ramp,train/entropy_loss,2920448,-0.1657109260559082
ramp,train/entropy_loss,2924544,-0.17292365431785583
ramp,train/entropy_loss,2928640,-0.16269515454769135
ramp,train/entropy_loss,2932736,-0.17907263338565826
ramp,train/entropy_loss,2936832,-0.17027387022972107
ramp,train/entropy_loss,2940928,-0.1830165833234787
ramp,train/entropy_loss,2945024,-0.18309533596038818
ramp,train/entropy_loss,2949120,-0.17684629559516907
ramp,train/entropy_loss,2953216,-0.18455468118190765
ramp,train/entropy_loss,2957312,-0.16596102714538574
ramp,train/entropy_loss,2961408,-0.18933311104774475
ramp,train/entropy_loss,2965504,-0.1818804293870926
ramp,train/entropy_loss,2969600,-0.1869324892759323
ramp,train/entropy_loss,2973696,-0.19047191739082336
ramp,train/entropy_loss,2977792,-0.18402667343616486
ramp,train/entropy_loss,2981888,-0.18159978091716766
ramp,train/entropy_loss,2985984,-0.1804044544696808
ramp,train/entropy_loss,2990080,-0.1877988874912262
ramp,train/entropy_loss,2994176,-0.1729915738105774
ramp,train/entropy_loss,2998272,-0.17413389682769775
ramp,train/entropy_loss,3002368,-0.1714112013578415
ramp,train/entropy_loss,3006464,-0.17418895661830902
ramp,train/entropy_loss,3010560,-0.17882713675498962
ramp,train/entropy_loss,3014656,-0.17352193593978882
ramp,train/entropy_loss,3018752,-0.18076758086681366
ramp,train/entropy_loss,3022848,-0.16823305189609528
ramp,train/entropy_loss,3026944,-0.17053067684173584
ramp,train/entropy_loss,3031040,-0.17075803875923157
ramp,train/entropy_loss,3035136,-0.17663440108299255
ramp,train/entropy_loss,3039232,-0.17996616661548615
ramp,train/entropy_loss,3043328,-0.17535308003425598
ramp,train/entropy_loss,3047424,-0.16259810328483582
ramp,train/ent_coef_effective,4096,0.004999999888241291
ramp,train/ent_coef_effective,8192,0.005061440169811249
ramp,train/ent_coef_effective,12288,0.005122879985719919
ramp,train/ent_coef_effective,16384,0.00518431980162859
ramp,train/ent_coef_effective,20480,0.005245760083198547
ramp,train/ent_coef_effective,24576,0.005307199899107218
ramp,train/ent_coef_effective,28672,0.0053686401806771755
ramp,train/ent_coef_effective,32768,0.005430079996585846
ramp,train/ent_coef_effective,36864,0.005491519812494516
ramp,train/ent_coef_effective,40960,0.005552960094064474
ramp,train/ent_coef_effective,45056,0.0056143999099731445
ramp,train/ent_coef_effective,49152,0.005675840191543102
ramp,train/ent_coef_effective,53248,0.005737280007451773
ramp,train/ent_coef_effective,57344,0.005798719823360443
ramp,train/ent_coef_effective,61440,0.005860160104930401
ramp,train/ent_coef_effective,65536,0.005921599920839071
ramp,train/ent_coef_effective,69632,0.005983040202409029
ramp,train/ent_coef_effective,73728,0.006044480018317699
ramp,train/ent_coef_effective,77824,0.00610591983422637
ramp,train/ent_coef_effective,81920,0.006167360115796328
ramp,train/ent_coef_effective,86016,0.006228799931704998
ramp,train/ent_coef_effective,90112,0.006290240213274956
ramp,train/ent_coef_effective,94208,0.006351680029183626
ramp,train/ent_coef_effective,98304,0.006413119845092297
ramp,train/ent_coef_effective,102400,0.006474560126662254
ramp,train/ent_coef_effective,106496,0.006535999942570925
ramp,train/ent_coef_effective,110592,0.0065974402241408825
ramp,train/ent_coef_effective,114688,0.006658880040049553
ramp,train/ent_coef_effective,118784,0.006720319855958223
ramp,train/ent_coef_effective,122880,0.006781760137528181
ramp,train/ent_coef_effective,126976,0.0068431999534368515
ramp,train/ent_coef_effective,131072,0.006904639769345522
ramp,train/ent_coef_effective,135168,0.00696608005091548
ramp,train/ent_coef_effective,139264,0.00702751986682415
ramp,train/ent_coef_effective,143360,0.007088960148394108
ramp,train/ent_coef_effective,147456,0.007150399964302778
ramp,train/ent_coef_effective,151552,0.007211839780211449
ramp,train/ent_coef_effective,155648,0.007273280061781406
ramp,train/ent_coef_effective,159744,0.007334719877690077
ramp,train/ent_coef_effective,163840,0.0073961601592600346
ramp,train/ent_coef_effective,167936,0.007457599975168705
ramp,train/ent_coef_effective,172032,0.007519039791077375
ramp,train/ent_coef_effective,176128,0.007580480072647333
ramp,train/ent_coef_effective,180224,0.007641919888556004
ramp,train/ent_coef_effective,184320,0.007703360170125961
ramp,train/ent_coef_effective,188416,0.007764799986034632
ramp,train/ent_coef_effective,192512,0.007826239801943302
ramp,train/ent_coef_effective,196608,0.00788768008351326
ramp,train/ent_coef_effective,200704,0.007949120365083218
ramp,train/ent_coef_effective,204800,0.0080105597153306
ramp,train/ent_coef_effective,208896,0.008071999996900558
ramp,train/ent_coef_effective,212992,0.008133440278470516
ramp,train/ent_coef_effective,217088,0.0081948796287179
ramp,train/ent_coef_effective,221184,0.008256319910287857
ramp,train/ent_coef_effective,225280,0.008317760191857815
ramp,train/ent_coef_effective,229376,0.008379199542105198
ramp,train/ent_coef_effective,233472,0.008440639823675156
ramp,train/ent_coef_effective,237568,0.008502080105245113
ramp,train/ent_coef_effective,241664,0.008563520386815071
ramp,train/ent_coef_effective,245760,0.008624959737062454
ramp,train/ent_coef_effective,249856,0.008686400018632412
ramp,train/ent_coef_effective,253952,0.00874784030020237
ramp,train/ent_coef_effective,258048,0.008809279650449753
ramp,train/ent_coef_effective,262144,0.00887071993201971
ramp,train/ent_coef_effective,266240,0.008932160213589668
ramp,train/ent_coef_effective,270336,0.008993599563837051
ramp,train/ent_coef_effective,274432,0.009055039845407009
ramp,train/ent_coef_effective,278528,0.009116480126976967
ramp,train/ent_coef_effective,282624,0.009177920408546925
ramp,train/ent_coef_effective,286720,0.009239359758794308
ramp,train/ent_coef_effective,290816,0.009300800040364265
ramp,train/ent_coef_effective,294912,0.009362240321934223
ramp,train/ent_coef_effective,299008,0.009423679672181606
ramp,train/ent_coef_effective,303104,0.009485119953751564
ramp,train/ent_coef_effective,307200,0.009546560235321522
ramp,train/ent_coef_effective,311296,0.009607999585568905
ramp,train/ent_coef_effective,315392,0.009669439867138863
ramp,train/ent_coef_effective,319488,0.00973088014870882
ramp,train/ent_coef_effective,323584,0.009792320430278778
ramp,train/ent_coef_effective,327680,0.009853759780526161
ramp,train/ent_coef_effective,331776,0.009915200062096119
ramp,train/ent_coef_effective,335872,0.009976640343666077
ramp,train/ent_coef_effective,339968,0.01003807969391346
ramp,train/ent_coef_effective,344064,0.010099519975483418
ramp,train/ent_coef_effective,348160,0.010160960257053375
ramp,train/ent_coef_effective,352256,0.010222399607300758
ramp,train/ent_coef_effective,356352,0.010283839888870716
ramp,train/ent_coef_effective,360448,0.010345280170440674
ramp,train/ent_coef_effective,364544,0.010406720452010632
ramp,train/ent_coef_effective,368640,0.010468159802258015
ramp,train/ent_coef_effective,372736,0.010529600083827972
ramp,train/ent_coef_effective,376832,0.01059104036539793
ramp,train/ent_coef_effective,380928,0.010652479715645313
ramp,train/ent_coef_effective,385024,0.010713919997215271
ramp,train/ent_coef_effective,389120,0.010775360278785229
ramp,train/ent_coef_effective,393216,0.010836799629032612
ramp,train/ent_coef_effective,397312,0.01089823991060257
ramp,train/ent_coef_effective,401408,0.010959680192172527
ramp,train/ent_coef_effective,405504,0.01102111954241991
ramp,train/ent_coef_effective,409600,0.011082559823989868
ramp,train/ent_coef_effective,413696,0.011144000105559826
ramp,train/ent_coef_effective,417792,0.011205440387129784
ramp,train/ent_coef_effective,421888,0.011266879737377167
ramp,train/ent_coef_effective,425984,0.011328320018947124
ramp,train/ent_coef_effective,430080,0.011389760300517082
ramp,train/ent_coef_effective,434176,0.011451199650764465
ramp,train/ent_coef_effective,438272,0.011512639932334423
ramp,train/ent_coef_effective,442368,0.01157408021390438
ramp,train/ent_coef_effective,446464,0.011635519564151764
ramp,train/ent_coef_effective,450560,0.011696959845721722
ramp,train/ent_coef_effective,454656,0.01175840012729168
ramp,train/ent_coef_effective,458752,0.011819840408861637
ramp,train/ent_coef_effective,462848,0.01188127975910902
ramp,train/ent_coef_effective,466944,0.011942720040678978
ramp,train/ent_coef_effective,471040,0.012004160322248936
ramp,train/ent_coef_effective,475136,0.012065599672496319
ramp,train/ent_coef_effective,479232,0.012127039954066277
ramp,train/ent_coef_effective,483328,0.012188480235636234
ramp,train/ent_coef_effective,487424,0.012249919585883617
ramp,train/ent_coef_effective,491520,0.012311359867453575
ramp,train/ent_coef_effective,495616,0.012372800149023533
ramp,train/ent_coef_effective,499712,0.01243424043059349
ramp,train/ent_coef_effective,503808,0.012495679780840874
ramp,train/ent_coef_effective,507904,0.012557120062410831
ramp,train/ent_coef_effective,512000,0.01261856034398079
ramp,train/ent_coef_effective,516096,0.012679999694228172
ramp,train/ent_coef_effective,520192,0.01274143997579813
ramp,train/ent_coef_effective,524288,0.012802880257368088
ramp,train/ent_coef_effective,528384,0.012864319607615471
ramp,train/ent_coef_effective,532480,0.012925759889185429
ramp,train/ent_coef_effective,536576,0.012987200170755386
ramp,train/ent_coef_effective,540672,0.013048640452325344
ramp,train/ent_coef_effective,544768,0.013110079802572727
ramp,train/ent_coef_effective,548864,0.013171520084142685
ramp,train/ent_coef_effective,552960,0.013232960365712643
ramp,train/ent_coef_effective,557056,0.013294399715960026
ramp,train/ent_coef_effective,561152,0.013355839997529984
ramp,train/ent_coef_effective,565248,0.013417280279099941
ramp,train/ent_coef_effective,569344,0.013478719629347324
ramp,train/ent_coef_effective,573440,0.013540159910917282
ramp,train/ent_coef_effective,577536,0.01360160019248724
ramp,train/ent_coef_effective,581632,0.013663039542734623
ramp,train/ent_coef_effective,585728,0.01372447982430458
ramp,train/ent_coef_effective,589824,0.013785920105874538
ramp,train/ent_coef_effective,593920,0.013847360387444496
ramp,train/ent_coef_effective,598016,0.01390879973769188
ramp,train/ent_coef_effective,602112,0.013970240019261837
ramp,train/ent_coef_effective,606208,0.014031680300831795
ramp,train/ent_coef_effective,610304,0.014093119651079178
ramp,train/ent_coef_effective,614400,0.014154559932649136
ramp,train/ent_coef_effective,618496,0.014216000214219093
ramp,train/ent_coef_effective,622592,0.014277439564466476
ramp,train/ent_coef_effective,626688,0.014338879846036434
ramp,train/ent_coef_effective,630784,0.014400320127606392
ramp,train/ent_coef_effective,634880,0.01446176040917635
ramp,train/ent_coef_effective,638976,0.014523199759423733
ramp,train/ent_coef_effective,643072,0.01458464004099369
ramp,train/ent_coef_effective,647168,0.014646080322563648
ramp,train/ent_coef_effective,651264,0.014707519672811031
ramp,train/ent_coef_effective,655360,0.014768959954380989
ramp,train/ent_coef_effective,659456,0.014830400235950947
ramp,train/ent_coef_effective,663552,0.01489183958619833
ramp,train/ent_coef_effective,667648,0.014953279867768288
ramp,train/ent_coef_effective,671744,0.015014720149338245
ramp,train/ent_coef_effective,675840,0.015076160430908203
ramp,train/ent_coef_effective,679936,0.015137599781155586
ramp,train/ent_coef_effective,684032,0.015199040062725544
ramp,train/ent_coef_effective,688128,0.015260480344295502
ramp,train/ent_coef_effective,692224,0.015321919694542885
ramp,train/ent_coef_effective,696320,0.015383359976112843
ramp,train/ent_coef_effective,700416,0.0154448002576828
ramp,train/ent_coef_effective,704512,0.015506239607930183
ramp,train/ent_coef_effective,708608,0.015567679889500141
ramp,train/ent_coef_effective,712704,0.0156291201710701
ramp,train/ent_coef_effective,716800,0.015690559521317482
ramp,train/ent_coef_effective,720896,0.015752000734210014
ramp,train/ent_coef_effective,724992,0.015813440084457397
ramp,train/ent_coef_effective,729088,0.01587487943470478
ramp,train/ent_coef_effective,733184,0.015936320647597313
ramp,train/ent_coef_effective,737280,0.015997759997844696
ramp,train/ent_coef_effective,741376,0.01605919934809208
ramp,train/ent_coef_effective,745472,0.01612064056098461
ramp,train/ent_coef_effective,749568,0.016182079911231995
ramp,train/ent_coef_effective,753664,0.016243519261479378
ramp,train/ent_coef_effective,757760,0.01630496047437191
ramp,train/ent_coef_effective,761856,0.016366399824619293
ramp,train/ent_coef_effective,765952,0.016427839174866676
ramp,train/ent_coef_effective,770048,0.01648928038775921
ramp,train/ent_coef_effective,774144,0.016550719738006592
ramp,train/ent_coef_effective,778240,0.016612159088253975
ramp,train/ent_coef_effective,782336,0.016673600301146507
ramp,train/ent_coef_effective,786432,0.01673503965139389
ramp,train/ent_coef_effective,790528,0.016796480864286423
ramp,train/ent_coef_effective,794624,0.016857920214533806
ramp,train/ent_coef_effective,798720,0.01691935956478119
ramp,train/ent_coef_effective,802816,0.01698080077767372
ramp,train/ent_coef_effective,806912,0.017042240127921104
ramp,train/ent_coef_effective,811008,0.017103679478168488
ramp,train/ent_coef_effective,815104,0.01716512069106102
ramp,train/ent_coef_effective,819200,0.017226560041308403
ramp,train/ent_coef_effective,823296,0.017287999391555786
ramp,train/ent_coef_effective,827392,0.01734944060444832
ramp,train/ent_coef_effective,831488,0.0174108799546957
ramp,train/ent_coef_effective,835584,0.017472319304943085
ramp,train/ent_coef_effective,839680,0.017533760517835617
ramp,train/ent_coef_effective,843776,0.017595199868083
ramp,train/ent_coef_effective,847872,0.017656639218330383
ramp,train/ent_coef_effective,851968,0.017718080431222916
ramp,train/ent_coef_effective,856064,0.0177795197814703
ramp,train/ent_coef_effective,860160,0.017840959131717682
ramp,train/ent_coef_effective,864256,0.017902400344610214
ramp,train/ent_coef_effective,868352,0.017963839694857597
ramp,train/ent_coef_effective,872448,0.01802528090775013
ramp,train/ent_coef_effective,876544,0.018086720257997513
ramp,train/ent_coef_effective,880640,0.018148159608244896
ramp,train/ent_coef_effective,884736,0.01820960082113743
ramp,train/ent_coef_effective,888832,0.01827104017138481
ramp,train/ent_coef_effective,892928,0.018332479521632195
ramp,train/ent_coef_effective,897024,0.018393920734524727
ramp,train/ent_coef_effective,901120,0.01845536008477211
ramp,train/ent_coef_effective,905216,0.018516799435019493
ramp,train/ent_coef_effective,909312,0.018578240647912025
ramp,train/ent_coef_effective,913408,0.01863967999815941
ramp,train/ent_coef_effective,917504,0.01870111934840679
ramp,train/ent_coef_effective,921600,0.018762560561299324
ramp,train/ent_coef_effective,925696,0.018823999911546707
ramp,train/ent_coef_effective,929792,0.01888543926179409
ramp,train/ent_coef_effective,933888,0.018946880474686623
ramp,train/ent_coef_effective,937984,0.019008319824934006
ramp,train/ent_coef_effective,942080,0.01906975917518139
ramp,train/ent_coef_effective,946176,0.01913120038807392
ramp,train/ent_coef_effective,950272,0.019192639738321304
ramp,train/ent_coef_effective,954368,0.019254079088568687
ramp,train/ent_coef_effective,958464,0.01931552030146122
ramp,train/ent_coef_effective,962560,0.019376959651708603
ramp,train/ent_coef_effective,966656,0.019438400864601135
ramp,train/ent_coef_effective,970752,0.01949984021484852
ramp,train/ent_coef_effective,974848,0.0195612795650959
ramp,train/ent_coef_effective,978944,0.019622720777988434
ramp,train/ent_coef_effective,983040,0.019684160128235817
ramp,train/ent_coef_effective,987136,0.0197455994784832
ramp,train/ent_coef_effective,991232,0.019807040691375732
ramp,train/ent_coef_effective,995328,0.019868480041623116
ramp,train/ent_coef_effective,999424,0.0199299193918705
ramp,train/ent_coef_effective,1003520,0.01999136060476303
ramp,train/ent_coef_effective,1007616,0.019999999552965164
ramp,train/ent_coef_effective,1011712,0.019999999552965164
ramp,train/ent_coef_effective,1015808,0.019999999552965164
ramp,train/ent_coef_effective,1019904,0.019999999552965164
ramp,train/ent_coef_effective,1024000,0.019999999552965164
ramp,train/ent_coef_effective,1028096,0.019999999552965164
ramp,train/ent_coef_effective,1032192,0.019999999552965164
ramp,train/ent_coef_effective,1036288,0.019999999552965164
ramp,train/ent_coef_effective,1040384,0.019999999552965164
ramp,train/ent_coef_effective,1044480,0.019999999552965164
ramp,train/ent_coef_effective,1048576,0.019999999552965164
ramp,train/ent_coef_effective,1052672,0.019999999552965164
ramp,train/ent_coef_effective,1056768,0.019999999552965164
ramp,train/ent_coef_effective,1060864,0.019999999552965164
ramp,train/ent_coef_effective,1064960,0.019999999552965164
ramp,train/ent_coef_effective,1069056,0.019999999552965164
ramp,train/ent_coef_effective,1073152,0.019999999552965164
ramp,train/ent_coef_effective,1077248,0.019999999552965164
ramp,train/ent_coef_effective,1081344,0.019999999552965164
ramp,train/ent_coef_effective,1085440,0.019999999552965164
ramp,train/ent_coef_effective,1089536,0.019999999552965164
ramp,train/ent_coef_effective,1093632,0.019999999552965164
ramp,train/ent_coef_effective,1097728,0.019999999552965164
ramp,train/ent_coef_effective,1101824,0.019999999552965164
ramp,train/ent_coef_effective,1105920,0.019999999552965164
ramp,train/ent_coef_effective,1110016,0.019999999552965164
ramp,train/ent_coef_effective,1114112,0.019999999552965164
ramp,train/ent_coef_effective,1118208,0.019999999552965164
ramp,train/ent_coef_effective,1122304,0.019999999552965164
ramp,train/ent_coef_effective,1126400,0.019999999552965164
ramp,train/ent_coef_effective,1130496,0.019999999552965164
ramp,train/ent_coef_effective,1134592,0.019999999552965164
ramp,train/ent_coef_effective,1138688,0.019999999552965164
ramp,train/ent_coef_effective,1142784,0.019999999552965164
ramp,train/ent_coef_effective,1146880,0.019999999552965164
ramp,train/ent_coef_effective,1150976,0.019999999552965164
ramp,train/ent_coef_effective,1155072,0.019999999552965164
ramp,train/ent_coef_effective,1159168,0.019999999552965164
ramp,train/ent_coef_effective,1163264,0.019999999552965164
ramp,train/ent_coef_effective,1167360,0.019999999552965164
ramp,train/ent_coef_effective,1171456,0.019999999552965164
ramp,train/ent_coef_effective,1175552,0.019999999552965164
ramp,train/ent_coef_effective,1179648,0.019999999552965164
ramp,train/ent_coef_effective,1183744,0.019999999552965164
ramp,train/ent_coef_effective,1187840,0.019999999552965164
ramp,train/ent_coef_effective,1191936,0.019999999552965164
ramp,train/ent_coef_effective,1196032,0.019999999552965164
ramp,train/ent_coef_effective,1200128,0.019999999552965164
ramp,train/ent_coef_effective,1204224,0.019999999552965164
ramp,train/ent_coef_effective,1208320,0.019999999552965164
ramp,train/ent_coef_effective,1212416,0.019999999552965164
ramp,train/ent_coef_effective,1216512,0.019999999552965164
ramp,train/ent_coef_effective,1220608,0.019999999552965164
ramp,train/ent_coef_effective,1224704,0.019999999552965164
ramp,train/ent_coef_effective,1228800,0.019999999552965164
ramp,train/ent_coef_effective,1232896,0.019999999552965164
ramp,train/ent_coef_effective,1236992,0.019999999552965164
ramp,train/ent_coef_effective,1241088,0.019999999552965164
ramp,train/ent_coef_effective,1245184,0.019999999552965164
ramp,train/ent_coef_effective,1249280,0.019999999552965164
ramp,train/ent_coef_effective,1253376,0.019999999552965164
ramp,train/ent_coef_effective,1257472,0.019999999552965164
ramp,train/ent_coef_effective,1261568,0.019999999552965164
ramp,train/ent_coef_effective,1265664,0.019999999552965164
ramp,train/ent_coef_effective,1269760,0.019999999552965164
ramp,train/ent_coef_effective,1273856,0.019999999552965164
ramp,train/ent_coef_effective,1277952,0.019999999552965164
ramp,train/ent_coef_effective,1282048,0.019999999552965164
ramp,train/ent_coef_effective,1286144,0.019999999552965164
ramp,train/ent_coef_effective,1290240,0.019999999552965164
ramp,train/ent_coef_effective,1294336,0.019999999552965164
ramp,train/ent_coef_effective,1298432,0.019999999552965164
ramp,train/ent_coef_effective,1302528,0.019999999552965164
ramp,train/ent_coef_effective,1306624,0.019999999552965164
ramp,train/ent_coef_effective,1310720,0.019999999552965164
ramp,train/ent_coef_effective,1314816,0.019999999552965164
ramp,train/ent_coef_effective,1318912,0.019999999552965164
ramp,train/ent_coef_effective,1323008,0.019999999552965164
ramp,train/ent_coef_effective,1327104,0.019999999552965164
ramp,train/ent_coef_effective,1331200,0.019999999552965164
ramp,train/ent_coef_effective,1335296,0.019999999552965164
ramp,train/ent_coef_effective,1339392,0.019999999552965164
ramp,train/ent_coef_effective,1343488,0.019999999552965164
ramp,train/ent_coef_effective,1347584,0.019999999552965164
ramp,train/ent_coef_effective,1351680,0.019999999552965164
ramp,train/ent_coef_effective,1355776,0.019999999552965164
ramp,train/ent_coef_effective,1359872,0.019999999552965164
ramp,train/ent_coef_effective,1363968,0.019999999552965164
ramp,train/ent_coef_effective,1368064,0.019999999552965164
ramp,train/ent_coef_effective,1372160,0.019999999552965164
ramp,train/ent_coef_effective,1376256,0.019999999552965164
ramp,train/ent_coef_effective,1380352,0.019999999552965164
ramp,train/ent_coef_effective,1384448,0.019999999552965164
ramp,train/ent_coef_effective,1388544,0.019999999552965164
ramp,train/ent_coef_effective,1392640,0.019999999552965164
ramp,train/ent_coef_effective,1396736,0.019999999552965164
ramp,train/ent_coef_effective,1400832,0.019999999552965164
ramp,train/ent_coef_effective,1404928,0.019999999552965164
ramp,train/ent_coef_effective,1409024,0.019999999552965164
ramp,train/ent_coef_effective,1413120,0.019999999552965164
ramp,train/ent_coef_effective,1417216,0.019999999552965164
ramp,train/ent_coef_effective,1421312,0.019999999552965164
ramp,train/ent_coef_effective,1425408,0.019999999552965164
ramp,train/ent_coef_effective,1429504,0.019999999552965164
ramp,train/ent_coef_effective,1433600,0.019999999552965164
ramp,train/ent_coef_effective,1437696,0.019999999552965164
ramp,train/ent_coef_effective,1441792,0.019999999552965164
ramp,train/ent_coef_effective,1445888,0.019999999552965164
ramp,train/ent_coef_effective,1449984,0.019999999552965164
ramp,train/ent_coef_effective,1454080,0.019999999552965164
ramp,train/ent_coef_effective,1458176,0.019999999552965164
ramp,train/ent_coef_effective,1462272,0.019999999552965164
ramp,train/ent_coef_effective,1466368,0.019999999552965164
ramp,train/ent_coef_effective,1470464,0.019999999552965164
ramp,train/ent_coef_effective,1474560,0.019999999552965164
ramp,train/ent_coef_effective,1478656,0.019999999552965164
ramp,train/ent_coef_effective,1482752,0.019999999552965164
ramp,train/ent_coef_effective,1486848,0.019999999552965164
ramp,train/ent_coef_effective,1490944,0.019999999552965164
ramp,train/ent_coef_effective,1495040,0.019999999552965164
ramp,train/ent_coef_effective,1499136,0.019999999552965164
ramp,train/ent_coef_effective,1503232,0.019999999552965164
ramp,train/ent_coef_effective,1507328,0.019999999552965164
ramp,train/ent_coef_effective,1511424,0.019999999552965164
ramp,train/ent_coef_effective,1515520,0.019999999552965164
ramp,train/ent_coef_effective,1519616,0.019999999552965164
ramp,train/ent_coef_effective,1523712,0.019999999552965164
ramp,train/ent_coef_effective,1527808,0.019999999552965164
ramp,train/ent_coef_effective,1531904,0.019999999552965164
ramp,train/ent_coef_effective,1536000,0.019999999552965164
ramp,train/ent_coef_effective,1540096,0.019999999552965164
ramp,train/ent_coef_effective,1544192,0.019999999552965164
ramp,train/ent_coef_effective,1548288,0.019999999552965164
ramp,train/ent_coef_effective,1552384,0.019999999552965164
ramp,train/ent_coef_effective,1556480,0.019999999552965164
ramp,train/ent_coef_effective,1560576,0.019999999552965164
ramp,train/ent_coef_effective,1564672,0.019999999552965164
ramp,train/ent_coef_effective,1568768,0.019999999552965164
ramp,train/ent_coef_effective,1572864,0.019999999552965164
ramp,train/ent_coef_effective,1576960,0.019999999552965164
ramp,train/ent_coef_effective,1581056,0.019999999552965164
ramp,train/ent_coef_effective,1585152,0.019999999552965164
ramp,train/ent_coef_effective,1589248,0.019999999552965164
ramp,train/ent_coef_effective,1593344,0.019999999552965164
ramp,train/ent_coef_effective,1597440,0.019999999552965164
ramp,train/ent_coef_effective,1601536,0.019999999552965164
ramp,train/ent_coef_effective,1605632,0.019999999552965164
ramp,train/ent_coef_effective,1609728,0.019999999552965164
ramp,train/ent_coef_effective,1613824,0.019999999552965164
ramp,train/ent_coef_effective,1617920,0.019999999552965164
ramp,train/ent_coef_effective,1622016,0.019999999552965164
ramp,train/ent_coef_effective,1626112,0.019999999552965164
ramp,train/ent_coef_effective,1630208,0.019999999552965164
ramp,train/ent_coef_effective,1634304,0.019999999552965164
ramp,train/ent_coef_effective,1638400,0.019999999552965164
ramp,train/ent_coef_effective,1642496,0.019999999552965164
ramp,train/ent_coef_effective,1646592,0.019999999552965164
ramp,train/ent_coef_effective,1650688,0.019999999552965164
ramp,train/ent_coef_effective,1654784,0.019999999552965164
ramp,train/ent_coef_effective,1658880,0.019999999552965164
ramp,train/ent_coef_effective,1662976,0.019999999552965164
ramp,train/ent_coef_effective,1667072,0.019999999552965164
ramp,train/ent_coef_effective,1671168,0.019999999552965164
ramp,train/ent_coef_effective,1675264,0.019999999552965164
ramp,train/ent_coef_effective,1679360,0.019999999552965164
ramp,train/ent_coef_effective,1683456,0.019999999552965164
ramp,train/ent_coef_effective,1687552,0.019999999552965164
ramp,train/ent_coef_effective,1691648,0.019999999552965164
ramp,train/ent_coef_effective,1695744,0.019999999552965164
ramp,train/ent_coef_effective,1699840,0.019999999552965164
ramp,train/ent_coef_effective,1703936,0.019999999552965164
ramp,train/ent_coef_effective,1708032,0.019999999552965164
ramp,train/ent_coef_effective,1712128,0.019999999552965164
ramp,train/ent_coef_effective,1716224,0.019999999552965164
ramp,train/ent_coef_effective,1720320,0.019999999552965164
ramp,train/ent_coef_effective,1724416,0.019999999552965164
ramp,train/ent_coef_effective,1728512,0.019999999552965164
ramp,train/ent_coef_effective,1732608,0.019999999552965164
ramp,train/ent_coef_effective,1736704,0.019999999552965164
ramp,train/ent_coef_effective,1740800,0.019999999552965164
ramp,train/ent_coef_effective,1744896,0.019999999552965164
ramp,train/ent_coef_effective,1748992,0.019999999552965164
ramp,train/ent_coef_effective,1753088,0.019999999552965164
ramp,train/ent_coef_effective,1757184,0.019999999552965164
ramp,train/ent_coef_effective,1761280,0.019999999552965164
ramp,train/ent_coef_effective,1765376,0.019999999552965164
ramp,train/ent_coef_effective,1769472,0.019999999552965164
ramp,train/ent_coef_effective,1773568,0.019999999552965164
ramp,train/ent_coef_effective,1777664,0.019999999552965164
ramp,train/ent_coef_effective,1781760,0.019999999552965164
ramp,train/ent_coef_effective,1785856,0.019999999552965164
ramp,train/ent_coef_effective,1789952,0.019999999552965164
ramp,train/ent_coef_effective,1794048,0.019999999552965164
ramp,train/ent_coef_effective,1798144,0.019999999552965164
ramp,train/ent_coef_effective,1802240,0.019999999552965164
ramp,train/ent_coef_effective,1806336,0.019999999552965164
ramp,train/ent_coef_effective,1810432,0.019999999552965164
ramp,train/ent_coef_effective,1814528,0.019999999552965164
ramp,train/ent_coef_effective,1818624,0.019999999552965164
ramp,train/ent_coef_effective,1822720,0.019999999552965164
ramp,train/ent_coef_effective,1826816,0.019999999552965164
ramp,train/ent_coef_effective,1830912,0.019999999552965164
ramp,train/ent_coef_effective,1835008,0.019999999552965164
ramp,train/ent_coef_effective,1839104,0.019999999552965164
ramp,train/ent_coef_effective,1843200,0.019999999552965164
ramp,train/ent_coef_effective,1847296,0.019999999552965164
ramp,train/ent_coef_effective,1851392,0.019999999552965164
ramp,train/ent_coef_effective,1855488,0.019999999552965164
ramp,train/ent_coef_effective,1859584,0.019999999552965164
ramp,train/ent_coef_effective,1863680,0.019999999552965164
ramp,train/ent_coef_effective,1867776,0.019999999552965164
ramp,train/ent_coef_effective,1871872,0.019999999552965164
ramp,train/ent_coef_effective,1875968,0.019999999552965164
ramp,train/ent_coef_effective,1880064,0.019999999552965164
ramp,train/ent_coef_effective,1884160,0.019999999552965164
ramp,train/ent_coef_effective,1888256,0.019999999552965164
ramp,train/ent_coef_effective,1892352,0.019999999552965164
ramp,train/ent_coef_effective,1896448,0.019999999552965164
ramp,train/ent_coef_effective,1900544,0.019999999552965164
ramp,train/ent_coef_effective,1904640,0.019999999552965164
ramp,train/ent_coef_effective,1908736,0.019999999552965164
ramp,train/ent_coef_effective,1912832,0.019999999552965164
ramp,train/ent_coef_effective,1916928,0.019999999552965164
ramp,train/ent_coef_effective,1921024,0.019999999552965164
ramp,train/ent_coef_effective,1925120,0.019999999552965164
ramp,train/ent_coef_effective,1929216,0.019999999552965164
ramp,train/ent_coef_effective,1933312,0.019999999552965164
ramp,train/ent_coef_effective,1937408,0.019999999552965164
ramp,train/ent_coef_effective,1941504,0.019999999552965164
ramp,train/ent_coef_effective,1945600,0.019999999552965164
ramp,train/ent_coef_effective,1949696,0.019999999552965164
ramp,train/ent_coef_effective,1953792,0.019999999552965164
ramp,train/ent_coef_effective,1957888,0.019999999552965164
ramp,train/ent_coef_effective,1961984,0.019999999552965164
ramp,train/ent_coef_effective,1966080,0.019999999552965164
ramp,train/ent_coef_effective,1970176,0.019999999552965164
ramp,train/ent_coef_effective,1974272,0.019999999552965164
ramp,train/ent_coef_effective,1978368,0.019999999552965164
ramp,train/ent_coef_effective,1982464,0.019999999552965164
ramp,train/ent_coef_effective,1986560,0.019999999552965164
ramp,train/ent_coef_effective,1990656,0.019999999552965164
ramp,train/ent_coef_effective,1994752,0.019999999552965164
ramp,train/ent_coef_effective,1998848,0.019999999552965164
ramp,train/ent_coef_effective,2002944,0.019999999552965164
ramp,train/ent_coef_effective,2007040,0.019999999552965164
ramp,train/ent_coef_effective,2011136,0.019999999552965164
ramp,train/ent_coef_effective,2015232,0.019999999552965164
ramp,train/ent_coef_effective,2019328,0.019999999552965164
ramp,train/ent_coef_effective,2023424,0.019999999552965164
ramp,train/ent_coef_effective,2027520,0.019999999552965164
ramp,train/ent_coef_effective,2031616,0.019999999552965164
ramp,train/ent_coef_effective,2035712,0.019999999552965164
ramp,train/ent_coef_effective,2039808,0.019999999552965164
ramp,train/ent_coef_effective,2043904,0.019999999552965164
ramp,train/ent_coef_effective,2048000,0.019999999552965164
ramp,train/ent_coef_effective,2052096,0.019999999552965164
ramp,train/ent_coef_effective,2056192,0.019999999552965164
ramp,train/ent_coef_effective,2060288,0.019999999552965164
ramp,train/ent_coef_effective,2064384,0.019999999552965164
ramp,train/ent_coef_effective,2068480,0.019999999552965164
ramp,train/ent_coef_effective,2072576,0.019999999552965164
ramp,train/ent_coef_effective,2076672,0.019999999552965164
ramp,train/ent_coef_effective,2080768,0.019999999552965164
ramp,train/ent_coef_effective,2084864,0.019999999552965164
ramp,train/ent_coef_effective,2088960,0.019999999552965164
ramp,train/ent_coef_effective,2093056,0.019999999552965164
ramp,train/ent_coef_effective,2097152,0.019999999552965164
ramp,train/ent_coef_effective,2101248,0.019999999552965164
ramp,train/ent_coef_effective,2105344,0.019999999552965164
ramp,train/ent_coef_effective,2109440,0.019999999552965164
ramp,train/ent_coef_effective,2113536,0.019999999552965164
ramp,train/ent_coef_effective,2117632,0.019999999552965164
ramp,train/ent_coef_effective,2121728,0.019999999552965164
ramp,train/ent_coef_effective,2125824,0.019999999552965164
ramp,train/ent_coef_effective,2129920,0.019999999552965164
ramp,train/ent_coef_effective,2134016,0.019999999552965164
ramp,train/ent_coef_effective,2138112,0.019999999552965164
ramp,train/ent_coef_effective,2142208,0.019999999552965164
ramp,train/ent_coef_effective,2146304,0.019999999552965164
ramp,train/ent_coef_effective,2150400,0.019999999552965164
ramp,train/ent_coef_effective,2154496,0.019999999552965164
ramp,train/ent_coef_effective,2158592,0.019999999552965164
ramp,train/ent_coef_effective,2162688,0.019999999552965164
ramp,train/ent_coef_effective,2166784,0.019999999552965164
ramp,train/ent_coef_effective,2170880,0.019999999552965164
ramp,train/ent_coef_effective,2174976,0.019999999552965164
ramp,train/ent_coef_effective,2179072,0.019999999552965164
ramp,train/ent_coef_effective,2183168,0.019999999552965164
ramp,train/ent_coef_effective,2187264,0.019999999552965164
ramp,train/ent_coef_effective,2191360,0.019999999552965164
ramp,train/ent_coef_effective,2195456,0.019999999552965164
ramp,train/ent_coef_effective,2199552,0.019999999552965164
ramp,train/ent_coef_effective,2203648,0.019999999552965164
ramp,train/ent_coef_effective,2207744,0.019999999552965164
ramp,train/ent_coef_effective,2211840,0.019999999552965164
ramp,train/ent_coef_effective,2215936,0.019999999552965164
ramp,train/ent_coef_effective,2220032,0.019999999552965164
ramp,train/ent_coef_effective,2224128,0.019999999552965164
ramp,train/ent_coef_effective,2228224,0.019999999552965164
ramp,train/ent_coef_effective,2232320,0.019999999552965164
ramp,train/ent_coef_effective,2236416,0.019999999552965164
ramp,train/ent_coef_effective,2240512,0.019999999552965164
ramp,train/ent_coef_effective,2244608,0.019999999552965164
ramp,train/ent_coef_effective,2248704,0.019999999552965164
ramp,train/ent_coef_effective,2252800,0.019999999552965164
ramp,train/ent_coef_effective,2256896,0.019999999552965164
ramp,train/ent_coef_effective,2260992,0.019999999552965164
ramp,train/ent_coef_effective,2265088,0.019999999552965164
ramp,train/ent_coef_effective,2269184,0.019999999552965164
ramp,train/ent_coef_effective,2273280,0.019999999552965164
ramp,train/ent_coef_effective,2277376,0.019999999552965164
ramp,train/ent_coef_effective,2281472,0.019999999552965164
ramp,train/ent_coef_effective,2285568,0.019999999552965164
ramp,train/ent_coef_effective,2289664,0.019999999552965164
ramp,train/ent_coef_effective,2293760,0.019999999552965164
ramp,train/ent_coef_effective,2297856,0.019999999552965164
ramp,train/ent_coef_effective,2301952,0.019999999552965164
ramp,train/ent_coef_effective,2306048,0.019999999552965164
ramp,train/ent_coef_effective,2310144,0.019999999552965164
ramp,train/ent_coef_effective,2314240,0.019999999552965164
ramp,train/ent_coef_effective,2318336,0.019999999552965164
ramp,train/ent_coef_effective,2322432,0.019999999552965164
ramp,train/ent_coef_effective,2326528,0.019999999552965164
ramp,train/ent_coef_effective,2330624,0.019999999552965164
ramp,train/ent_coef_effective,2334720,0.019999999552965164
ramp,train/ent_coef_effective,2338816,0.019999999552965164
ramp,train/ent_coef_effective,2342912,0.019999999552965164
ramp,train/ent_coef_effective,2347008,0.019999999552965164
ramp,train/ent_coef_effective,2351104,0.019999999552965164
ramp,train/ent_coef_effective,2355200,0.019999999552965164
ramp,train/ent_coef_effective,2359296,0.019999999552965164
ramp,train/ent_coef_effective,2363392,0.019999999552965164
ramp,train/ent_coef_effective,2367488,0.019999999552965164
ramp,train/ent_coef_effective,2371584,0.019999999552965164
ramp,train/ent_coef_effective,2375680,0.019999999552965164
ramp,train/ent_coef_effective,2379776,0.019999999552965164
ramp,train/ent_coef_effective,2383872,0.019999999552965164
ramp,train/ent_coef_effective,2387968,0.019999999552965164
ramp,train/ent_coef_effective,2392064,0.019999999552965164
ramp,train/ent_coef_effective,2396160,0.019999999552965164
ramp,train/ent_coef_effective,2400256,0.019999999552965164
ramp,train/ent_coef_effective,2404352,0.019999999552965164
ramp,train/ent_coef_effective,2408448,0.019999999552965164
ramp,train/ent_coef_effective,2412544,0.019999999552965164
ramp,train/ent_coef_effective,2416640,0.019999999552965164
ramp,train/ent_coef_effective,2420736,0.019999999552965164
ramp,train/ent_coef_effective,2424832,0.019999999552965164
ramp,train/ent_coef_effective,2428928,0.019999999552965164
ramp,train/ent_coef_effective,2433024,0.019999999552965164
ramp,train/ent_coef_effective,2437120,0.019999999552965164
ramp,train/ent_coef_effective,2441216,0.019999999552965164
ramp,train/ent_coef_effective,2445312,0.019999999552965164
ramp,train/ent_coef_effective,2449408,0.019999999552965164
ramp,train/ent_coef_effective,2453504,0.019999999552965164
ramp,train/ent_coef_effective,2457600,0.019999999552965164
ramp,train/ent_coef_effective,2461696,0.019999999552965164
ramp,train/ent_coef_effective,2465792,0.019999999552965164
ramp,train/ent_coef_effective,2469888,0.019999999552965164
ramp,train/ent_coef_effective,2473984,0.019999999552965164
ramp,train/ent_coef_effective,2478080,0.019999999552965164
ramp,train/ent_coef_effective,2482176,0.019999999552965164
ramp,train/ent_coef_effective,2486272,0.019999999552965164
ramp,train/ent_coef_effective,2490368,0.019999999552965164
ramp,train/ent_coef_effective,2494464,0.019999999552965164
ramp,train/ent_coef_effective,2498560,0.019999999552965164
ramp,train/ent_coef_effective,2502656,0.019999999552965164
ramp,train/ent_coef_effective,2506752,0.019999999552965164
ramp,train/ent_coef_effective,2510848,0.019999999552965164
ramp,train/ent_coef_effective,2514944,0.019999999552965164
ramp,train/ent_coef_effective,2519040,0.019999999552965164
ramp,train/ent_coef_effective,2523136,0.019999999552965164
ramp,train/ent_coef_effective,2527232,0.019999999552965164
ramp,train/ent_coef_effective,2531328,0.019999999552965164
ramp,train/ent_coef_effective,2535424,0.019999999552965164
ramp,train/ent_coef_effective,2539520,0.019999999552965164
ramp,train/ent_coef_effective,2543616,0.019999999552965164
ramp,train/ent_coef_effective,2547712,0.019999999552965164
ramp,train/ent_coef_effective,2551808,0.019999999552965164
ramp,train/ent_coef_effective,2555904,0.019999999552965164
ramp,train/ent_coef_effective,2560000,0.019999999552965164
ramp,train/ent_coef_effective,2564096,0.019999999552965164
ramp,train/ent_coef_effective,2568192,0.019999999552965164
ramp,train/ent_coef_effective,2572288,0.019999999552965164
ramp,train/ent_coef_effective,2576384,0.019999999552965164
ramp,train/ent_coef_effective,2580480,0.019999999552965164
ramp,train/ent_coef_effective,2584576,0.019999999552965164
ramp,train/ent_coef_effective,2588672,0.019999999552965164
ramp,train/ent_coef_effective,2592768,0.019999999552965164
ramp,train/ent_coef_effective,2596864,0.019999999552965164
ramp,train/ent_coef_effective,2600960,0.019999999552965164
ramp,train/ent_coef_effective,2605056,0.019999999552965164
ramp,train/ent_coef_effective,2609152,0.019999999552965164
ramp,train/ent_coef_effective,2613248,0.019999999552965164
ramp,train/ent_coef_effective,2617344,0.019999999552965164
ramp,train/ent_coef_effective,2621440,0.019999999552965164
ramp,train/ent_coef_effective,2625536,0.019999999552965164
ramp,train/ent_coef_effective,2629632,0.019999999552965164
ramp,train/ent_coef_effective,2633728,0.019999999552965164
ramp,train/ent_coef_effective,2637824,0.019999999552965164
ramp,train/ent_coef_effective,2641920,0.019999999552965164
ramp,train/ent_coef_effective,2646016,0.019999999552965164
ramp,train/ent_coef_effective,2650112,0.019999999552965164
ramp,train/ent_coef_effective,2654208,0.019999999552965164
ramp,train/ent_coef_effective,2658304,0.019999999552965164
ramp,train/ent_coef_effective,2662400,0.019999999552965164
ramp,train/ent_coef_effective,2666496,0.019999999552965164
ramp,train/ent_coef_effective,2670592,0.019999999552965164
ramp,train/ent_coef_effective,2674688,0.019999999552965164
ramp,train/ent_coef_effective,2678784,0.019999999552965164
ramp,train/ent_coef_effective,2682880,0.019999999552965164
ramp,train/ent_coef_effective,2686976,0.019999999552965164
ramp,train/ent_coef_effective,2691072,0.019999999552965164
ramp,train/ent_coef_effective,2695168,0.019999999552965164
ramp,train/ent_coef_effective,2699264,0.019999999552965164
ramp,train/ent_coef_effective,2703360,0.019999999552965164
ramp,train/ent_coef_effective,2707456,0.019999999552965164
ramp,train/ent_coef_effective,2711552,0.019999999552965164
ramp,train/ent_coef_effective,2715648,0.019999999552965164
ramp,train/ent_coef_effective,2719744,0.019999999552965164
ramp,train/ent_coef_effective,2723840,0.019999999552965164
ramp,train/ent_coef_effective,2727936,0.019999999552965164
ramp,train/ent_coef_effective,2732032,0.019999999552965164
ramp,train/ent_coef_effective,2736128,0.019999999552965164
ramp,train/ent_coef_effective,2740224,0.019999999552965164
ramp,train/ent_coef_effective,2744320,0.019999999552965164
ramp,train/ent_coef_effective,2748416,0.019999999552965164
ramp,train/ent_coef_effective,2752512,0.019999999552965164
ramp,train/ent_coef_effective,2756608,0.019999999552965164
ramp,train/ent_coef_effective,2760704,0.019999999552965164
ramp,train/ent_coef_effective,2764800,0.019999999552965164
ramp,train/ent_coef_effective,2768896,0.019999999552965164
ramp,train/ent_coef_effective,2772992,0.019999999552965164
ramp,train/ent_coef_effective,2777088,0.019999999552965164
ramp,train/ent_coef_effective,2781184,0.019999999552965164
ramp,train/ent_coef_effective,2785280,0.019999999552965164
ramp,train/ent_coef_effective,2789376,0.019999999552965164
ramp,train/ent_coef_effective,2793472,0.019999999552965164
ramp,train/ent_coef_effective,2797568,0.019999999552965164
ramp,train/ent_coef_effective,2801664,0.019999999552965164
ramp,train/ent_coef_effective,2805760,0.019999999552965164
ramp,train/ent_coef_effective,2809856,0.019999999552965164
ramp,train/ent_coef_effective,2813952,0.019999999552965164
ramp,train/ent_coef_effective,2818048,0.019999999552965164
ramp,train/ent_coef_effective,2822144,0.019999999552965164
ramp,train/ent_coef_effective,2826240,0.019999999552965164
ramp,train/ent_coef_effective,2830336,0.019999999552965164
ramp,train/ent_coef_effective,2834432,0.019999999552965164
ramp,train/ent_coef_effective,2838528,0.019999999552965164
ramp,train/ent_coef_effective,2842624,0.019999999552965164
ramp,train/ent_coef_effective,2846720,0.019999999552965164
ramp,train/ent_coef_effective,2850816,0.019999999552965164
ramp,train/ent_coef_effective,2854912,0.019999999552965164
ramp,train/ent_coef_effective,2859008,0.019999999552965164
ramp,train/ent_coef_effective,2863104,0.019999999552965164
ramp,train/ent_coef_effective,2867200,0.019999999552965164
ramp,train/ent_coef_effective,2871296,0.019999999552965164
ramp,train/ent_coef_effective,2875392,0.019999999552965164
ramp,train/ent_coef_effective,2879488,0.019999999552965164
ramp,train/ent_coef_effective,2883584,0.019999999552965164
ramp,train/ent_coef_effective,2887680,0.019999999552965164
ramp,train/ent_coef_effective,2891776,0.019999999552965164
ramp,train/ent_coef_effective,2895872,0.019999999552965164
ramp,train/ent_coef_effective,2899968,0.019999999552965164
ramp,train/ent_coef_effective,2904064,0.019999999552965164
ramp,train/ent_coef_effective,2908160,0.019999999552965164
ramp,train/ent_coef_effective,2912256,0.019999999552965164
ramp,train/ent_coef_effective,2916352,0.019999999552965164
ramp,train/ent_coef_effective,2920448,0.019999999552965164
ramp,train/ent_coef_effective,2924544,0.019999999552965164
ramp,train/ent_coef_effective,2928640,0.019999999552965164
ramp,train/ent_coef_effective,2932736,0.019999999552965164
ramp,train/ent_coef_effective,2936832,0.019999999552965164
ramp,train/ent_coef_effective,2940928,0.019999999552965164
ramp,train/ent_coef_effective,2945024,0.019999999552965164
ramp,train/ent_coef_effective,2949120,0.019999999552965164
ramp,train/ent_coef_effective,2953216,0.019999999552965164
ramp,train/ent_coef_effective,2957312,0.019999999552965164
ramp,train/ent_coef_effective,2961408,0.019999999552965164
ramp,train/ent_coef_effective,2965504,0.019999999552965164
ramp,train/ent_coef_effective,2969600,0.019999999552965164
ramp,train/ent_coef_effective,2973696,0.019999999552965164
ramp,train/ent_coef_effective,2977792,0.019999999552965164
ramp,train/ent_coef_effective,2981888,0.019999999552965164
ramp,train/ent_coef_effective,2985984,0.019999999552965164
ramp,train/ent_coef_effective,2990080,0.019999999552965164
ramp,train/ent_coef_effective,2994176,0.019999999552965164
ramp,train/ent_coef_effective,2998272,0.019999999552965164
ramp,train/ent_coef_effective,3002368,0.019999999552965164
ramp,train/ent_coef_effective,3006464,0.019999999552965164
ramp,train/ent_coef_effective,3010560,0.019999999552965164
ramp,train/ent_coef_effective,3014656,0.019999999552965164
ramp,train/ent_coef_effective,3018752,0.019999999552965164
ramp,train/ent_coef_effective,3022848,0.019999999552965164
ramp,train/ent_coef_effective,3026944,0.019999999552965164
ramp,train/ent_coef_effective,3031040,0.019999999552965164
ramp,train/ent_coef_effective,3035136,0.019999999552965164
ramp,train/ent_coef_effective,3039232,0.019999999552965164
ramp,train/ent_coef_effective,3043328,0.019999999552965164
ramp,train/ent_coef_effective,3047424,0.019999999552965164
ramp,train/approx_kl,8192,0.00752823892980814
ramp,train/approx_kl,12288,0.0027366257272660732
ramp,train/approx_kl,16384,0.00236178538762033
ramp,train/approx_kl,20480,0.003119742264971137
ramp,train/approx_kl,24576,0.0025431751273572445
ramp,train/approx_kl,28672,0.002304073888808489
ramp,train/approx_kl,32768,0.0016958792693912983
ramp,train/approx_kl,36864,0.0015460241120308638
ramp,train/approx_kl,40960,0.0021488191559910774
ramp,train/approx_kl,45056,0.0057622105814516544
ramp,train/approx_kl,49152,0.0029402049258351326
ramp,train/approx_kl,53248,0.0019447647500783205
ramp,train/approx_kl,57344,0.00206242548301816
ramp,train/approx_kl,61440,0.001516816671937704
ramp,train/approx_kl,65536,0.0027214186266064644
ramp,train/approx_kl,69632,0.0020106895826756954
ramp,train/approx_kl,73728,0.0011277705198153853
ramp,train/approx_kl,77824,0.003010071814060211
ramp,train/approx_kl,81920,0.0011179192224517465
ramp,train/approx_kl,86016,0.0016764040337875485
ramp,train/approx_kl,90112,0.0019611455500125885
ramp,train/approx_kl,94208,0.0018906749319285154
ramp,train/approx_kl,98304,0.0016319353599101305
ramp,train/approx_kl,102400,0.0011938288807868958
ramp,train/approx_kl,106496,0.002269171178340912
ramp,train/approx_kl,110592,0.0016842917539179325
ramp,train/approx_kl,114688,0.0017492406768724322
ramp,train/approx_kl,118784,0.0016822336474433541
ramp,train/approx_kl,122880,0.001591032138094306
ramp,train/approx_kl,126976,0.0022596893832087517
ramp,train/approx_kl,131072,0.0015931492671370506
ramp,train/approx_kl,135168,0.0016941339708864689
ramp,train/approx_kl,139264,0.002063993364572525
ramp,train/approx_kl,143360,0.0013607777655124664
ramp,train/approx_kl,147456,0.0018530484521761537
ramp,train/approx_kl,151552,0.0027342753019183874
ramp,train/approx_kl,155648,0.002457849681377411
ramp,train/approx_kl,159744,0.0013124420074746013
ramp,train/approx_kl,163840,0.0018412329955026507
ramp,train/approx_kl,167936,0.0025912090204656124
ramp,train/approx_kl,172032,0.0016193342162296176
ramp,train/approx_kl,176128,0.005065858364105225
ramp,train/approx_kl,180224,0.0015196561580523849
ramp,train/approx_kl,184320,0.0016599178779870272
ramp,train/approx_kl,188416,0.0030500213615596294
ramp,train/approx_kl,192512,0.0014434775803238153
ramp,train/approx_kl,196608,0.0011962181888520718
ramp,train/approx_kl,200704,0.001239527016878128
ramp,train/approx_kl,204800,0.0015896919649094343
ramp,train/approx_kl,208896,0.0019518532790243626
ramp,train/approx_kl,212992,0.002314271405339241
ramp,train/approx_kl,217088,0.0025146447587758303
ramp,train/approx_kl,221184,0.0010365054477006197
ramp,train/approx_kl,225280,0.0013979360228404403
ramp,train/approx_kl,229376,0.0013404267374426126
ramp,train/approx_kl,233472,0.001955609768629074
ramp,train/approx_kl,237568,0.001375680323690176
ramp,train/approx_kl,241664,0.0022484231740236282
ramp,train/approx_kl,245760,0.001411446020938456
ramp,train/approx_kl,249856,0.0023532435297966003
ramp,train/approx_kl,253952,0.002618372207507491
ramp,train/approx_kl,262144,0.0014050693716853857
ramp,train/approx_kl,266240,0.005491028539836407
ramp,train/approx_kl,270336,0.003222445258870721
ramp,train/approx_kl,274432,0.001572619192302227
ramp,train/approx_kl,278528,0.003100533504039049
ramp,train/approx_kl,282624,0.0024802107363939285
ramp,train/approx_kl,286720,0.002564083319157362
ramp,train/approx_kl,290816,0.0029656807892024517
ramp,train/approx_kl,294912,0.0010685751913115382
ramp,train/approx_kl,299008,0.0018842605641111732
ramp,train/approx_kl,303104,0.0017716584261506796
ramp,train/approx_kl,307200,0.0022718440741300583
ramp,train/approx_kl,311296,0.001359741436317563
ramp,train/approx_kl,315392,0.002447339706122875
ramp,train/approx_kl,319488,0.0023051612079143524
ramp,train/approx_kl,323584,0.0027433300856500864
ramp,train/approx_kl,327680,0.0015099484007805586
ramp,train/approx_kl,331776,0.0021135834977030754
ramp,train/approx_kl,335872,0.0029212525114417076
ramp,train/approx_kl,339968,0.0022076445166021585
ramp,train/approx_kl,344064,0.0025491490960121155
ramp,train/approx_kl,348160,0.0024962665047496557
ramp,train/approx_kl,352256,0.0025475043803453445
ramp,train/approx_kl,356352,0.0013767090858891606
ramp,train/approx_kl,360448,0.0011212693061679602
ramp,train/approx_kl,364544,0.0014198098797351122
ramp,train/approx_kl,368640,0.001694835489615798
ramp,train/approx_kl,372736,0.0017538839019834995
ramp,train/approx_kl,376832,0.0016842870973050594
ramp,train/approx_kl,380928,0.0029103015549480915
ramp,train/approx_kl,385024,0.0026024612598121166
ramp,train/approx_kl,389120,0.0027635968290269375
ramp,train/approx_kl,393216,0.002410610904917121
ramp,train/approx_kl,397312,0.0018692993326112628
ramp,train/approx_kl,401408,0.0018292776076123118
ramp,train/approx_kl,405504,0.002277862746268511
ramp,train/approx_kl,409600,0.0015689401188865304
ramp,train/approx_kl,413696,0.0017780320486053824
ramp,train/approx_kl,417792,0.0013133204774931073
ramp,train/approx_kl,421888,0.0020534999202936888
ramp,train/approx_kl,425984,0.0018118071602657437
ramp,train/approx_kl,430080,0.0008726879605092108
ramp,train/approx_kl,434176,0.0017233870457857847
ramp,train/approx_kl,438272,0.002538128290325403
ramp,train/approx_kl,442368,0.001572934677824378
ramp,train/approx_kl,446464,0.0012499112635850906
ramp,train/approx_kl,450560,0.00207818066701293
ramp,train/approx_kl,454656,0.0022329045459628105
ramp,train/approx_kl,458752,0.0010790892411023378
ramp,train/approx_kl,462848,0.004777325317263603
ramp,train/approx_kl,466944,0.003199760802090168
ramp,train/approx_kl,471040,0.0020789969712495804
ramp,train/approx_kl,475136,0.0015852844808250666
ramp,train/approx_kl,479232,0.001336665591225028
ramp,train/approx_kl,483328,0.0023207059130072594
ramp,train/approx_kl,487424,0.0010161855025216937
ramp,train/approx_kl,491520,0.0015719865914434195
ramp,train/approx_kl,495616,0.001733370590955019
ramp,train/approx_kl,499712,0.0012412401847541332
ramp,train/approx_kl,503808,0.0009987717494368553
ramp,train/approx_kl,507904,0.0015341693069785833
ramp,train/approx_kl,516096,0.0024011428467929363
ramp,train/approx_kl,520192,0.0006710198358632624
ramp,train/approx_kl,524288,0.002287446055561304
ramp,train/approx_kl,528384,0.0013923782389611006
ramp,train/approx_kl,532480,0.0013382554752752185
ramp,train/approx_kl,536576,0.0020511657930910587
ramp,train/approx_kl,540672,0.0025095411110669374
ramp,train/approx_kl,544768,0.001642926363274455
ramp,train/approx_kl,548864,0.0020670918747782707
ramp,train/approx_kl,552960,0.0025235493667423725
ramp,train/approx_kl,557056,0.0024413657374680042
ramp,train/approx_kl,561152,0.001535683055408299
ramp,train/approx_kl,565248,0.0016521681100130081
ramp,train/approx_kl,569344,0.0009780219988897443
ramp,train/approx_kl,573440,0.0015908945351839066
ramp,train/approx_kl,577536,0.0016382450703531504
ramp,train/approx_kl,581632,0.001505307387560606
ramp,train/approx_kl,585728,0.0013789611402899027
ramp,train/approx_kl,589824,0.0011922086123377085
ramp,train/approx_kl,593920,0.0011593708768486977
ramp,train/approx_kl,598016,0.0011430324520915747
ramp,train/approx_kl,602112,0.0015122952172532678
ramp,train/approx_kl,606208,0.002233848674222827
ramp,train/approx_kl,610304,0.0017689174273982644
ramp,train/approx_kl,614400,0.0014140085550025105
ramp,train/approx_kl,618496,0.0014789659762755036
ramp,train/approx_kl,622592,0.001253327471204102
ramp,train/approx_kl,626688,0.0015672367298975587
ramp,train/approx_kl,630784,0.0012568059610202909
ramp,train/approx_kl,634880,0.0016213635681197047
ramp,train/approx_kl,638976,0.0013125835685059428
ramp,train/approx_kl,643072,0.0012245217803865671
ramp,train/approx_kl,647168,0.0014814904425293207
ramp,train/approx_kl,651264,0.0014038713416084647
ramp,train/approx_kl,655360,0.0015436024405062199
ramp,train/approx_kl,659456,0.0012475191615521908
ramp,train/approx_kl,663552,0.0018456459511071444
ramp,train/approx_kl,667648,0.001407163217663765
ramp,train/approx_kl,671744,0.002301502041518688
ramp,train/approx_kl,675840,0.0010270483326166868
ramp,train/approx_kl,679936,0.0012329212622717023
ramp,train/approx_kl,684032,0.00071574782487005
ramp,train/approx_kl,688128,0.0013447613455355167
ramp,train/approx_kl,692224,0.0022960305213928223
ramp,train/approx_kl,696320,0.001733170123770833
ramp,train/approx_kl,700416,0.0017604280728846788
ramp,train/approx_kl,704512,0.001634840271435678
ramp,train/approx_kl,708608,0.0024030497297644615
ramp,train/approx_kl,712704,0.001731932396069169
ramp,train/approx_kl,716800,0.0018488436471670866
ramp,train/approx_kl,720896,0.0010551405139267445
ramp,train/approx_kl,724992,0.0014623681781813502
ramp,train/approx_kl,729088,0.0024252256844192743
ramp,train/approx_kl,733184,0.0012424413580447435
ramp,train/approx_kl,737280,0.001363846706226468
ramp,train/approx_kl,741376,0.0011839291546493769
ramp,train/approx_kl,745472,0.0035490565933287144
ramp,train/approx_kl,749568,0.001464806729927659
ramp,train/approx_kl,753664,0.0020805958192795515
ramp,train/approx_kl,757760,0.0021927899215370417
ramp,train/approx_kl,761856,0.0014053063932806253
ramp,train/approx_kl,770048,0.002178322523832321
ramp,train/approx_kl,774144,0.000840105873066932
ramp,train/approx_kl,778240,0.001958032138645649
ramp,train/approx_kl,782336,0.0033031227067112923
ramp,train/approx_kl,786432,0.0017171765211969614
ramp,train/approx_kl,790528,0.001759540056809783
ramp,train/approx_kl,794624,0.0016652666963636875
ramp,train/approx_kl,798720,0.0012660565553233027
ramp,train/approx_kl,802816,0.0024185525253415108
ramp,train/approx_kl,806912,0.0014151835348457098
ramp,train/approx_kl,811008,0.0014214594848453999
ramp,train/approx_kl,815104,0.0023695281706750393
ramp,train/approx_kl,819200,0.0012373696081340313
ramp,train/approx_kl,823296,0.00132898916490376
ramp,train/approx_kl,827392,0.0028321254067122936
ramp,train/approx_kl,831488,0.001530549256131053
ramp,train/approx_kl,835584,0.001214178279042244
ramp,train/approx_kl,839680,0.0013386131031438708
ramp,train/approx_kl,843776,0.0017140889540314674
ramp,train/approx_kl,847872,0.0020387591794133186
ramp,train/approx_kl,851968,0.0013328578788787127
ramp,train/approx_kl,856064,0.001425671624019742
ramp,train/approx_kl,860160,0.002600174630060792
ramp,train/approx_kl,864256,0.0012716844212263823
ramp,train/approx_kl,868352,0.0013418147573247552
ramp,train/approx_kl,872448,0.0010406180517747998
ramp,train/approx_kl,876544,0.0009173069847747684
ramp,train/approx_kl,880640,0.0010013639694079757
ramp,train/approx_kl,884736,0.0013790738303214312
ramp,train/approx_kl,888832,0.0010340071748942137
ramp,train/approx_kl,892928,0.0011455838102847338
ramp,train/approx_kl,897024,0.001055386383086443
ramp,train/approx_kl,901120,0.0013860426843166351
ramp,train/approx_kl,905216,0.0012624314986169338
ramp,train/approx_kl,909312,0.001175431883893907
ramp,train/approx_kl,913408,0.0017732363194227219
ramp,train/approx_kl,917504,0.0010709641501307487
ramp,train/approx_kl,921600,0.0011407905258238316
ramp,train/approx_kl,925696,0.002120739547535777
ramp,train/approx_kl,929792,0.002368710469454527
ramp,train/approx_kl,933888,0.0012914901599287987
ramp,train/approx_kl,937984,0.0016747324261814356
ramp,train/approx_kl,942080,0.0015127795049920678
ramp,train/approx_kl,946176,0.0011687586084008217
ramp,train/approx_kl,950272,0.0018291708547621965
ramp,train/approx_kl,954368,0.002811617683619261
ramp,train/approx_kl,958464,0.0026856320910155773
ramp,train/approx_kl,962560,0.001287561608478427
ramp,train/approx_kl,966656,0.0008712753187865019
ramp,train/approx_kl,970752,0.001245233230292797
ramp,train/approx_kl,974848,0.0015910110669210553
ramp,train/approx_kl,978944,0.0011215724516659975
ramp,train/approx_kl,983040,0.0015057676937431097
ramp,train/approx_kl,987136,0.0008040796383284032
ramp,train/approx_kl,991232,0.0018284880788996816
ramp,train/approx_kl,995328,0.0015618413453921676
ramp,train/approx_kl,999424,0.0020066434517502785
ramp,train/approx_kl,1003520,0.0010502501390874386
ramp,train/approx_kl,1007616,0.0010767069179564714
ramp,train/approx_kl,1011712,0.0013809584779664874
ramp,train/approx_kl,1015808,0.0023259122390300035
ramp,train/approx_kl,1024000,0.0012735365889966488
ramp,train/approx_kl,1028096,0.0016485369997099042
ramp,train/approx_kl,1032192,0.001247762469574809
ramp,train/approx_kl,1036288,0.002867654664441943
ramp,train/approx_kl,1040384,0.0014569777995347977
ramp,train/approx_kl,1044480,0.0016818654257804155
ramp,train/approx_kl,1048576,0.0014207588974386454
ramp,train/approx_kl,1052672,0.0014006952987983823
ramp,train/approx_kl,1056768,0.0011747421231120825
ramp,train/approx_kl,1060864,0.0009529386297799647
ramp,train/approx_kl,1064960,0.0017827884294092655
ramp,train/approx_kl,1069056,0.0012730536982417107
ramp,train/approx_kl,1073152,0.0017137806862592697
ramp,train/approx_kl,1077248,0.000787195865996182
ramp,train/approx_kl,1081344,0.0029170173220336437
ramp,train/approx_kl,1085440,0.0014827483100816607
ramp,train/approx_kl,1089536,0.0018204051302745938
ramp,train/approx_kl,1093632,0.0014289813116192818
ramp,train/approx_kl,1097728,0.0015883459709584713
ramp,train/approx_kl,1101824,0.0013217307860031724
ramp,train/approx_kl,1105920,0.0012364734429866076
ramp,train/approx_kl,1110016,0.0021053017117083073
ramp,train/approx_kl,1114112,0.0020796628668904305
ramp,train/approx_kl,1118208,0.0011115222005173564
ramp,train/approx_kl,1122304,0.0020565830636769533
ramp,train/approx_kl,1126400,0.0012309059966355562
ramp,train/approx_kl,1130496,0.0008457943913526833
ramp,train/approx_kl,1134592,0.001063336618244648
ramp,train/approx_kl,1138688,0.0027702334336936474
ramp,train/approx_kl,1142784,0.0014972612261772156
ramp,train/approx_kl,1146880,0.0020214994437992573
ramp,train/approx_kl,1150976,0.0007572297472506762
ramp,train/approx_kl,1155072,0.0012012491934001446
ramp,train/approx_kl,1159168,0.0013628090964630246
ramp,train/approx_kl,1163264,0.0010729574132710695
ramp,train/approx_kl,1167360,0.0014295803848654032
ramp,train/approx_kl,1171456,0.0011453564511612058
ramp,train/approx_kl,1175552,0.002148738130927086
ramp,train/approx_kl,1179648,0.0014554704539477825
ramp,train/approx_kl,1183744,0.0018448776099830866
ramp,train/approx_kl,1187840,0.0018511430826038122
ramp,train/approx_kl,1191936,0.0015760429669171572
ramp,train/approx_kl,1196032,0.0017341487109661102
ramp,train/approx_kl,1200128,0.0017741811461746693
ramp,train/approx_kl,1204224,0.0012761602411046624
ramp,train/approx_kl,1208320,0.0018021116266027093
ramp,train/approx_kl,1212416,0.0015575629658997059
ramp,train/approx_kl,1216512,0.0010607154108583927
ramp,train/approx_kl,1220608,0.0009966272627934813
ramp,train/approx_kl,1224704,0.0011793365702033043
ramp,train/approx_kl,1228800,0.0007894698064774275
ramp,train/approx_kl,1232896,0.0013263907749205828
ramp,train/approx_kl,1236992,0.001427589450031519
ramp,train/approx_kl,1241088,0.0014074633363634348
ramp,train/approx_kl,1245184,0.002307627350091934
ramp,train/approx_kl,1249280,0.000994005473330617
ramp,train/approx_kl,1253376,0.001559919910505414
ramp,train/approx_kl,1257472,0.0015369894681498408
ramp,train/approx_kl,1261568,0.0010185746941715479
ramp,train/approx_kl,1265664,0.0012168025132268667
ramp,train/approx_kl,1269760,0.0028618548531085253
ramp,train/approx_kl,1277952,0.0011616938281804323
ramp,train/approx_kl,1282048,0.0015733287436887622
ramp,train/approx_kl,1286144,0.001405608025379479
ramp,train/approx_kl,1290240,0.001611327868886292
ramp,train/approx_kl,1294336,0.001824654988013208
ramp,train/approx_kl,1298432,0.0013542536180466413
ramp,train/approx_kl,1302528,0.001538536511361599
ramp,train/approx_kl,1306624,0.0016746945912018418
ramp,train/approx_kl,1310720,0.00251365196891129
ramp,train/approx_kl,1314816,0.0018611075356602669
ramp,train/approx_kl,1318912,0.002134482143446803
ramp,train/approx_kl,1323008,0.0014279611641541123
ramp,train/approx_kl,1327104,0.0009211871074512601
ramp,train/approx_kl,1331200,0.0023933611810207367
ramp,train/approx_kl,1335296,0.002502323128283024
ramp,train/approx_kl,1339392,0.0015220801578834653
ramp,train/approx_kl,1343488,0.0011862670071423054
ramp,train/approx_kl,1347584,0.0007328424835577607
ramp,train/approx_kl,1351680,0.0010772650130093098
ramp,train/approx_kl,1355776,0.0011374305468052626
ramp,train/approx_kl,1359872,0.0013442132622003555
ramp,train/approx_kl,1363968,0.001880337600596249
ramp,train/approx_kl,1368064,0.0011953925713896751
ramp,train/approx_kl,1372160,0.001456278609111905
ramp,train/approx_kl,1376256,0.000899914070032537
ramp,train/approx_kl,1380352,0.0013637900119647384
ramp,train/approx_kl,1384448,0.0015877052210271358
ramp,train/approx_kl,1388544,0.0024913076777011156
ramp,train/approx_kl,1392640,0.002083323895931244
ramp,train/approx_kl,1396736,0.0014589396305382252
ramp,train/approx_kl,1400832,0.0025651431642472744
ramp,train/approx_kl,1404928,0.001808662200346589
ramp,train/approx_kl,1409024,0.0019656785298138857
ramp,train/approx_kl,1413120,0.0015351000474765897
ramp,train/approx_kl,1417216,0.0019286524038761854
ramp,train/approx_kl,1421312,0.003285969141870737
ramp,train/approx_kl,1425408,0.0018700362415984273
ramp,train/approx_kl,1429504,0.0017100407276302576
ramp,train/approx_kl,1433600,0.0013600967358797789
ramp,train/approx_kl,1437696,0.0012902684975415468
ramp,train/approx_kl,1441792,0.0015008554328233004
ramp,train/approx_kl,1445888,0.0007806712528690696
ramp,train/approx_kl,1449984,0.0027466644532978535
ramp,train/approx_kl,1454080,0.0014558639377355576
ramp,train/approx_kl,1458176,0.0007639640243723989
ramp,train/approx_kl,1462272,0.001461802632547915
ramp,train/approx_kl,1466368,0.0015391613123938441
ramp,train/approx_kl,1470464,0.0012120697647333145
ramp,train/approx_kl,1474560,0.0017254031263291836
ramp,train/approx_kl,1478656,0.001574875321239233
ramp,train/approx_kl,1482752,0.0015391153283417225
ramp,train/approx_kl,1486848,0.0010987697169184685
ramp,train/approx_kl,1490944,0.0009440377471037209
ramp,train/approx_kl,1495040,0.0013302512234076858
ramp,train/approx_kl,1499136,0.0014893184415996075
ramp,train/approx_kl,1503232,0.0019047039095312357
ramp,train/approx_kl,1507328,0.0008252228726632893
ramp,train/approx_kl,1511424,0.0016017872840166092
ramp,train/approx_kl,1515520,0.0011469179298728704
ramp,train/approx_kl,1519616,0.001368013210594654
ramp,train/approx_kl,1523712,0.0016089348355308175
ramp,train/approx_kl,1531904,0.001834383001551032
ramp,train/approx_kl,1536000,0.002508887555450201
ramp,train/approx_kl,1540096,0.002128549385815859
ramp,train/approx_kl,1544192,0.0014803751837462187
ramp,train/approx_kl,1548288,0.0019688629545271397
ramp,train/approx_kl,1552384,0.0036958532873541117
ramp,train/approx_kl,1556480,0.0014862505486235023
ramp,train/approx_kl,1560576,0.001883744029328227
ramp,train/approx_kl,1564672,0.0020009081345051527
ramp,train/approx_kl,1568768,0.0021581188775599003
ramp,train/approx_kl,1572864,0.0014551710337400436
ramp,train/approx_kl,1576960,0.0012262261006981134
ramp,train/approx_kl,1581056,0.0011883947299793363
ramp,train/approx_kl,1585152,0.0013110429281368852
ramp,train/approx_kl,1589248,0.0011176720727235079
ramp,train/approx_kl,1593344,0.001448687631636858
ramp,train/approx_kl,1597440,0.0028251023031771183
ramp,train/approx_kl,1601536,0.0011368155246600509
ramp,train/approx_kl,1605632,0.00243532657623291
ramp,train/approx_kl,1609728,0.0009794014040380716
ramp,train/approx_kl,1613824,0.001179836574010551
ramp,train/approx_kl,1617920,0.0020659121219068766
ramp,train/approx_kl,1622016,0.0019226556178182364
ramp,train/approx_kl,1626112,0.003307483857497573
ramp,train/approx_kl,1630208,0.001026446814648807
ramp,train/approx_kl,1634304,0.0014606679324060678
ramp,train/approx_kl,1638400,0.0014966311864554882
ramp,train/approx_kl,1642496,0.0016220572870224714
ramp,train/approx_kl,1646592,0.0034230900928378105
ramp,train/approx_kl,1650688,0.0032873610034585
ramp,train/approx_kl,1654784,0.002299474086612463
ramp,train/approx_kl,1658880,0.0012790008913725615
ramp,train/approx_kl,1662976,0.001232885173521936
ramp,train/approx_kl,1667072,0.002110093366354704
ramp,train/approx_kl,1671168,0.0020226147025823593
ramp,train/approx_kl,1675264,0.0016241498524323106
ramp,train/approx_kl,1679360,0.0022709225304424763
ramp,train/approx_kl,1683456,0.0019272882491350174
ramp,train/approx_kl,1687552,0.0024073999375104904
ramp,train/approx_kl,1691648,0.0015342294936999679
ramp,train/approx_kl,1695744,0.0017847270937636495
ramp,train/approx_kl,1699840,0.0026760906912386417
ramp,train/approx_kl,1703936,0.001302066957578063
ramp,train/approx_kl,1708032,0.0015767060685902834
ramp,train/approx_kl,1712128,0.002038198057562113
ramp,train/approx_kl,1716224,0.0018082417082041502
ramp,train/approx_kl,1720320,0.004647280089557171
ramp,train/approx_kl,1724416,0.0017942024860531092
ramp,train/approx_kl,1728512,0.0019283482106402516
ramp,train/approx_kl,1732608,0.0018787987064570189
ramp,train/approx_kl,1736704,0.0016637812368571758
ramp,train/approx_kl,1740800,0.0019117589108645916
ramp,train/approx_kl,1744896,0.0022115171886980534
ramp,train/approx_kl,1748992,0.0018526564817875624
ramp,train/approx_kl,1753088,0.0011070506880059838
ramp,train/approx_kl,1757184,0.001513541443273425
ramp,train/approx_kl,1761280,0.002608005190268159
ramp,train/approx_kl,1765376,0.001995714846998453
ramp,train/approx_kl,1769472,0.001530676381662488
ramp,train/approx_kl,1773568,0.0012003971496596932
ramp,train/approx_kl,1777664,0.0018751901807263494
ramp,train/approx_kl,1785856,0.0013274140655994415
ramp,train/approx_kl,1789952,0.002488622209057212
ramp,train/approx_kl,1794048,0.0013467313256114721
ramp,train/approx_kl,1798144,0.0020998488180339336
ramp,train/approx_kl,1802240,0.00138187687844038
ramp,train/approx_kl,1806336,0.0016594920307397842
ramp,train/approx_kl,1810432,0.0025178720243275166
ramp,train/approx_kl,1814528,0.002297348342835903
ramp,train/approx_kl,1818624,0.00307060731574893
ramp,train/approx_kl,1822720,0.001163937384262681
ramp,train/approx_kl,1826816,0.0019499920308589935
ramp,train/approx_kl,1830912,0.0020165506284683943
ramp,train/approx_kl,1835008,0.001510343048721552
ramp,train/approx_kl,1839104,0.001210078364238143
ramp,train/approx_kl,1843200,0.0016455892473459244
ramp,train/approx_kl,1847296,0.0016304515302181244
ramp,train/approx_kl,1851392,0.001181325875222683
ramp,train/approx_kl,1855488,0.0029406065586954355
ramp,train/approx_kl,1859584,0.0014802730875089765
ramp,train/approx_kl,1863680,0.002237847540527582
ramp,train/approx_kl,1867776,0.001456369529478252
ramp,train/approx_kl,1871872,0.002510434715077281
ramp,train/approx_kl,1875968,0.000994090922176838
ramp,train/approx_kl,1880064,0.0015943553298711777
ramp,train/approx_kl,1884160,0.0014831131557002664
ramp,train/approx_kl,1888256,0.001787329325452447
ramp,train/approx_kl,1892352,0.0017720278119668365
ramp,train/approx_kl,1896448,0.0042111510410904884
ramp,train/approx_kl,1900544,0.0026314188726246357
ramp,train/approx_kl,1904640,0.00176106090657413
ramp,train/approx_kl,1908736,0.001411255681887269
ramp,train/approx_kl,1912832,0.001364610972814262
ramp,train/approx_kl,1916928,0.0027136248536407948
ramp,train/approx_kl,1921024,0.0016637491062283516
ramp,train/approx_kl,1925120,0.003379362402483821
ramp,train/approx_kl,1929216,0.0016077759210020304
ramp,train/approx_kl,1933312,0.002000196371227503
ramp,train/approx_kl,1937408,0.001430136850103736
ramp,train/approx_kl,1941504,0.0014220841694623232
ramp,train/approx_kl,1945600,0.0009558343444950879
ramp,train/approx_kl,1949696,0.001621950650587678
ramp,train/approx_kl,1953792,0.0012052308302372694
ramp,train/approx_kl,1957888,0.0011381974909454584
ramp,train/approx_kl,1961984,0.0025924663059413433
ramp,train/approx_kl,1966080,0.0017658276483416557
ramp,train/approx_kl,1970176,0.0013712776126340032
ramp,train/approx_kl,1974272,0.0015791533514857292
ramp,train/approx_kl,1978368,0.002089605201035738
ramp,train/approx_kl,1982464,0.0013873742427676916
ramp,train/approx_kl,1986560,0.002097364515066147
ramp,train/approx_kl,1990656,0.004600518383085728
ramp,train/approx_kl,1994752,0.0019116220064461231
ramp,train/approx_kl,1998848,0.0020218859426677227
ramp,train/approx_kl,2002944,0.0023164069280028343
ramp,train/approx_kl,2007040,0.0026625609025359154
ramp,train/approx_kl,2011136,0.0015273494645953178
ramp,train/approx_kl,2015232,0.001532912952825427
ramp,train/approx_kl,2019328,0.0015003245789557695
ramp,train/approx_kl,2023424,0.00174963369499892
ramp,train/approx_kl,2027520,0.0015263552777469158
ramp,train/approx_kl,2031616,0.0012680941727012396
ramp,train/approx_kl,2039808,0.0014509159373119473
ramp,train/approx_kl,2043904,0.002709684893488884
ramp,train/approx_kl,2048000,0.0015852585202082992
ramp,train/approx_kl,2052096,0.001482684980146587
ramp,train/approx_kl,2056192,0.0015948619693517685
ramp,train/approx_kl,2060288,0.0018150971736758947
ramp,train/approx_kl,2064384,0.0020586829632520676
ramp,train/approx_kl,2068480,0.0014633908867835999
ramp,train/approx_kl,2072576,0.0011000772938132286
ramp,train/approx_kl,2076672,0.0017659688601270318
ramp,train/approx_kl,2080768,0.001463608699850738
ramp,train/approx_kl,2084864,0.002046791138127446
ramp,train/approx_kl,2088960,0.0027836549561470747
ramp,train/approx_kl,2093056,0.0016830636886879802
ramp,train/approx_kl,2097152,0.0020177867263555527
ramp,train/approx_kl,2101248,0.0031391249503940344
ramp,train/approx_kl,2105344,0.0012756891082972288
ramp,train/approx_kl,2109440,0.0026838439516723156
ramp,train/approx_kl,2113536,0.0016426851507276297
ramp,train/approx_kl,2117632,0.0007302379817701876
ramp,train/approx_kl,2121728,0.0024654055014252663
ramp,train/approx_kl,2125824,0.0016904333606362343
ramp,train/approx_kl,2129920,0.001478758524172008
ramp,train/approx_kl,2134016,0.0016225017607212067
ramp,train/approx_kl,2138112,0.0016609091544523835
ramp,train/approx_kl,2142208,0.0013587319990620017
ramp,train/approx_kl,2146304,0.0018932962557300925
ramp,train/approx_kl,2150400,0.0012734024785459042
ramp,train/approx_kl,2154496,0.0015535354614257812
ramp,train/approx_kl,2158592,0.0019992960151284933
ramp,train/approx_kl,2162688,0.0015713508473709226
ramp,train/approx_kl,2166784,0.0015032230876386166
ramp,train/approx_kl,2170880,0.0012662934605032206
ramp,train/approx_kl,2174976,0.0006333122728392482
ramp,train/approx_kl,2179072,0.0011998628033325076
ramp,train/approx_kl,2183168,0.0016804151237010956
ramp,train/approx_kl,2187264,0.002456545364111662
ramp,train/approx_kl,2191360,0.0008044519927352667
ramp,train/approx_kl,2195456,0.0015823319554328918
ramp,train/approx_kl,2199552,0.0006627555703744292
ramp,train/approx_kl,2203648,0.0009923581965267658
ramp,train/approx_kl,2207744,0.001093786908313632
ramp,train/approx_kl,2211840,0.0013669803738594055
ramp,train/approx_kl,2215936,0.002549784956499934
ramp,train/approx_kl,2220032,0.0013370662927627563
ramp,train/approx_kl,2224128,0.002095305360853672
ramp,train/approx_kl,2228224,0.0015829456970095634
ramp,train/approx_kl,2232320,0.0014329078840091825
ramp,train/approx_kl,2236416,0.0016582813113927841
ramp,train/approx_kl,2240512,0.0015773768536746502
ramp,train/approx_kl,2244608,0.0025675895158201456
ramp,train/approx_kl,2248704,0.0012039593420922756
ramp,train/approx_kl,2252800,0.0012855390086770058
ramp,train/approx_kl,2256896,0.00085579848382622
ramp,train/approx_kl,2260992,0.0014750846894457936
ramp,train/approx_kl,2265088,0.002214565873146057
ramp,train/approx_kl,2269184,0.000638886820524931
ramp,train/approx_kl,2273280,0.0009272153256461024
ramp,train/approx_kl,2277376,0.0012025521136820316
ramp,train/approx_kl,2281472,0.0010934523306787014
ramp,train/approx_kl,2285568,0.0010077054612338543
ramp,train/approx_kl,2293760,0.001182685256935656
ramp,train/approx_kl,2297856,0.0015000409912317991
ramp,train/approx_kl,2301952,0.0015187966637313366
ramp,train/approx_kl,2306048,0.0008323792135342956
ramp,train/approx_kl,2310144,0.00043177627958357334
ramp,train/approx_kl,2314240,0.0008294587023556232
ramp,train/approx_kl,2318336,0.0013670404441654682
ramp,train/approx_kl,2322432,0.001459091086871922
ramp,train/approx_kl,2326528,0.0032226170878857374
ramp,train/approx_kl,2330624,0.001481726299971342
ramp,train/approx_kl,2334720,0.0013541481457650661
ramp,train/approx_kl,2338816,0.0008886501309461892
ramp,train/approx_kl,2342912,0.0019570302683860064
ramp,train/approx_kl,2347008,0.0012383701978251338
ramp,train/approx_kl,2351104,0.0013859131140634418
ramp,train/approx_kl,2355200,0.0015861354768276215
ramp,train/approx_kl,2359296,0.0020573241636157036
ramp,train/approx_kl,2363392,0.002280312590301037
ramp,train/approx_kl,2367488,0.001543704653158784
ramp,train/approx_kl,2371584,0.0011807584669440985
ramp,train/approx_kl,2375680,0.001291139516979456
ramp,train/approx_kl,2379776,0.0010436356533318758
ramp,train/approx_kl,2383872,0.0012708510039374232
ramp,train/approx_kl,2387968,0.0014817846240475774
ramp,train/approx_kl,2392064,0.0016103009693324566
ramp,train/approx_kl,2396160,0.0012665055692195892
ramp,train/approx_kl,2400256,0.001541360281407833
ramp,train/approx_kl,2404352,0.0014506196603178978
ramp,train/approx_kl,2408448,0.0013863388448953629
ramp,train/approx_kl,2412544,0.00173138827085495
ramp,train/approx_kl,2416640,0.00120245898142457
ramp,train/approx_kl,2420736,0.001440579304471612
ramp,train/approx_kl,2424832,0.001524471677839756
ramp,train/approx_kl,2428928,0.0019610163290053606
ramp,train/approx_kl,2433024,0.0018019687850028276
ramp,train/approx_kl,2437120,0.0030729947611689568
ramp,train/approx_kl,2441216,0.001289781415835023
ramp,train/approx_kl,2445312,0.0021771565079689026
ramp,train/approx_kl,2449408,0.001493498682975769
ramp,train/approx_kl,2453504,0.0013373391702771187
ramp,train/approx_kl,2457600,0.001962205395102501
ramp,train/approx_kl,2461696,0.002078591613098979
ramp,train/approx_kl,2465792,0.0010382664622738957
ramp,train/approx_kl,2469888,0.002566798822954297
ramp,train/approx_kl,2473984,0.0010780589655041695
ramp,train/approx_kl,2478080,0.0011672393884509802
ramp,train/approx_kl,2482176,0.0020616839174181223
ramp,train/approx_kl,2486272,0.001970202662050724
ramp,train/approx_kl,2490368,0.0009339743410237134
ramp,train/approx_kl,2494464,0.0013085221871733665
ramp,train/approx_kl,2498560,0.0015387922758236527
ramp,train/approx_kl,2502656,0.001094611594453454
ramp,train/approx_kl,2506752,0.0015154366847127676
ramp,train/approx_kl,2510848,0.002279782434925437
ramp,train/approx_kl,2514944,0.0016273146029561758
ramp,train/approx_kl,2519040,0.002010817639529705
ramp,train/approx_kl,2523136,0.0015261106891557574
ramp,train/approx_kl,2527232,0.0015608705580234528
ramp,train/approx_kl,2531328,0.001898471498861909
ramp,train/approx_kl,2535424,0.0017804877134039998
ramp,train/approx_kl,2539520,0.0019491247367113829
ramp,train/approx_kl,2547712,0.0013128179125487804
ramp,train/approx_kl,2551808,0.001447262242436409
ramp,train/approx_kl,2555904,0.0017987667815759778
ramp,train/approx_kl,2560000,0.0017233851831406355
ramp,train/approx_kl,2564096,0.0027451165951788425
ramp,train/approx_kl,2568192,0.0019293847726657987
ramp,train/approx_kl,2572288,0.001170995645225048
ramp,train/approx_kl,2576384,0.0014906831784173846
ramp,train/approx_kl,2580480,0.0025241593830287457
ramp,train/approx_kl,2584576,0.0018446296453475952
ramp,train/approx_kl,2588672,0.0017954176291823387
ramp,train/approx_kl,2592768,0.0020031160674989223
ramp,train/approx_kl,2596864,0.001011967658996582
ramp,train/approx_kl,2600960,0.002565099624916911
ramp,train/approx_kl,2605056,0.0020503110717982054
ramp,train/approx_kl,2609152,0.0014903538394719362
ramp,train/approx_kl,2613248,0.0014685803325846791
ramp,train/approx_kl,2617344,0.001774374395608902
ramp,train/approx_kl,2621440,0.0012525937054306269
ramp,train/approx_kl,2625536,0.0021236147731542587
ramp,train/approx_kl,2629632,0.002204445656388998
ramp,train/approx_kl,2633728,0.0012720522936433554
ramp,train/approx_kl,2637824,0.000984010985121131
ramp,train/approx_kl,2641920,0.0015403463039547205
ramp,train/approx_kl,2646016,0.003128970041871071
ramp,train/approx_kl,2650112,0.0011659618467092514
ramp,train/approx_kl,2654208,0.0016397970030084252
ramp,train/approx_kl,2658304,0.0016758192796260118
ramp,train/approx_kl,2662400,0.0014977209502831101
ramp,train/approx_kl,2666496,0.0015772844199091196
ramp,train/approx_kl,2670592,0.0017862149979919195
ramp,train/approx_kl,2674688,0.0015073693357408047
ramp,train/approx_kl,2678784,0.0016422157641500235
ramp,train/approx_kl,2682880,0.0009791069896891713
ramp,train/approx_kl,2686976,0.0015717106871306896
ramp,train/approx_kl,2691072,0.001461158273741603
ramp,train/approx_kl,2695168,0.0009383269352838397
ramp,train/approx_kl,2699264,0.0014331371057778597
ramp,train/approx_kl,2703360,0.0014107314636930823
ramp,train/approx_kl,2707456,0.0015784172574058175
ramp,train/approx_kl,2711552,0.0012156757293269038
ramp,train/approx_kl,2715648,0.0010941089130938053
ramp,train/approx_kl,2719744,0.0008392934687435627
ramp,train/approx_kl,2723840,0.0016001607291400433
ramp,train/approx_kl,2727936,0.0015947709325700998
ramp,train/approx_kl,2732032,0.0019055621232837439
ramp,train/approx_kl,2736128,0.0010066707618534565
ramp,train/approx_kl,2740224,0.0015931847738102078
ramp,train/approx_kl,2744320,0.0012805600417777896
ramp,train/approx_kl,2748416,0.0006571616977453232
ramp,train/approx_kl,2752512,0.0017156712710857391
ramp,train/approx_kl,2756608,0.0013981811935082078
ramp,train/approx_kl,2760704,0.0022757253609597683
ramp,train/approx_kl,2764800,0.0020648573990911245
ramp,train/approx_kl,2768896,0.002082257531583309
ramp,train/approx_kl,2772992,0.0011585631873458624
ramp,train/approx_kl,2777088,0.0015491419471800327
ramp,train/approx_kl,2781184,0.002578555606305599
ramp,train/approx_kl,2785280,0.002258534077554941
ramp,train/approx_kl,2789376,0.0019932922441512346
ramp,train/approx_kl,2793472,0.0018916722619906068
ramp,train/approx_kl,2801664,0.0012962654000148177
ramp,train/approx_kl,2805760,0.0008892636396922171
ramp,train/approx_kl,2809856,0.0006372956559062004
ramp,train/approx_kl,2813952,0.0006264218245632946
ramp,train/approx_kl,2818048,0.001417453633621335
ramp,train/approx_kl,2822144,0.0016291785286739469
ramp,train/approx_kl,2826240,0.0012410434428602457
ramp,train/approx_kl,2830336,0.0017748367972671986
ramp,train/approx_kl,2834432,0.0009899577125906944
ramp,train/approx_kl,2838528,0.002185394521802664
ramp,train/approx_kl,2842624,0.0010558386566117406
ramp,train/approx_kl,2846720,0.0012738493969663978
ramp,train/approx_kl,2850816,0.0012556142173707485
ramp,train/approx_kl,2854912,0.0011341397184878588
ramp,train/approx_kl,2859008,0.0034702217672020197
ramp,train/approx_kl,2863104,0.0014524185098707676
ramp,train/approx_kl,2867200,0.0015274386387318373
ramp,train/approx_kl,2871296,0.001648529781959951
ramp,train/approx_kl,2875392,0.0013413961278274655
ramp,train/approx_kl,2879488,0.000974067603237927
ramp,train/approx_kl,2883584,0.001511597540229559
ramp,train/approx_kl,2887680,0.001604581717401743
ramp,train/approx_kl,2891776,0.0015027554472908378
ramp,train/approx_kl,2895872,0.0019602631218731403
ramp,train/approx_kl,2899968,0.001720537431538105
ramp,train/approx_kl,2904064,0.0019416302675381303
ramp,train/approx_kl,2908160,0.0008470547618344426
ramp,train/approx_kl,2912256,0.0012815451482310891
ramp,train/approx_kl,2916352,0.0008044671849347651
ramp,train/approx_kl,2920448,0.001234852010384202
ramp,train/approx_kl,2924544,0.003669486381113529
ramp,train/approx_kl,2928640,0.002394481562077999
ramp,train/approx_kl,2932736,0.001600005547516048
ramp,train/approx_kl,2936832,0.001767542096786201
ramp,train/approx_kl,2940928,0.0020446409471333027
ramp,train/approx_kl,2945024,0.0015835907543078065
ramp,train/approx_kl,2949120,0.0015118885785341263
ramp,train/approx_kl,2953216,0.0010309221688658
ramp,train/approx_kl,2957312,0.001006333390250802
ramp,train/approx_kl,2961408,0.0018185131484642625
ramp,train/approx_kl,2965504,0.0015313049079850316
ramp,train/approx_kl,2969600,0.0029697027057409286
ramp,train/approx_kl,2973696,0.0018921125447377563
ramp,train/approx_kl,2977792,0.0017655609408393502
ramp,train/approx_kl,2981888,0.002421760931611061
ramp,train/approx_kl,2985984,0.0013806808274239302
ramp,train/approx_kl,2990080,0.0019351254450157285
ramp,train/approx_kl,2994176,0.001287737861275673
ramp,train/approx_kl,2998272,0.001036704983562231
ramp,train/approx_kl,3002368,0.002572302706539631
ramp,train/approx_kl,3006464,0.0017283930210396647
ramp,train/approx_kl,3010560,0.0015506872441619635
ramp,train/approx_kl,3014656,0.0030174609273672104
ramp,train/approx_kl,3018752,0.002054243115708232
ramp,train/approx_kl,3022848,0.0025195572525262833
ramp,train/approx_kl,3026944,0.0010358155705034733
ramp,train/approx_kl,3031040,0.0015008138725534081
ramp,train/approx_kl,3035136,0.0015638519544154406
ramp,train/approx_kl,3039232,0.0015027493936941028
ramp,train/approx_kl,3043328,0.0009573122952133417
ramp,train/approx_kl,3047424,0.0021120477467775345
decay,train/entropy_loss,8192,-0.21940912306308746
decay,train/entropy_loss,12288,-0.21465544402599335
decay,train/entropy_loss,16384,-0.21266582608222961
decay,train/entropy_loss,20480,-0.19623686373233795
decay,train/entropy_loss,24576,-0.19483508169651031
decay,train/entropy_loss,28672,-0.20323963463306427
decay,train/entropy_loss,32768,-0.20763970911502838
decay,train/entropy_loss,36864,-0.19594132900238037
decay,train/entropy_loss,40960,-0.19839245080947876
decay,train/entropy_loss,45056,-0.19459383189678192
decay,train/entropy_loss,49152,-0.19207033514976501
decay,train/entropy_loss,53248,-0.2031734138727188
decay,train/entropy_loss,57344,-0.19591176509857178
decay,train/entropy_loss,61440,-0.19065716862678528
decay,train/entropy_loss,65536,-0.1949944794178009
decay,train/entropy_loss,69632,-0.18680214881896973
decay,train/entropy_loss,73728,-0.20157359540462494
decay,train/entropy_loss,77824,-0.20517146587371826
decay,train/entropy_loss,81920,-0.1954757571220398
decay,train/entropy_loss,86016,-0.17782816290855408
decay,train/entropy_loss,90112,-0.1821894347667694
decay,train/entropy_loss,94208,-0.1822049468755722
decay,train/entropy_loss,98304,-0.18359434604644775
decay,train/entropy_loss,102400,-0.1928836703300476
decay,train/entropy_loss,106496,-0.17445918917655945
decay,train/entropy_loss,110592,-0.19416840374469757
decay,train/entropy_loss,114688,-0.20441964268684387
decay,train/entropy_loss,118784,-0.1907956749200821
decay,train/entropy_loss,122880,-0.20398946106433868
decay,train/entropy_loss,126976,-0.20793119072914124
decay,train/entropy_loss,131072,-0.19867254793643951
decay,train/entropy_loss,135168,-0.21208986639976501
decay,train/entropy_loss,139264,-0.2031688392162323
decay,train/entropy_loss,143360,-0.20109766721725464
decay,train/entropy_loss,147456,-0.18860822916030884
decay,train/entropy_loss,151552,-0.19528990983963013
decay,train/entropy_loss,155648,-0.19973741471767426
decay,train/entropy_loss,159744,-0.20037584006786346
decay,train/entropy_loss,163840,-0.2055511176586151
decay,train/entropy_loss,167936,-0.1838551014661789
decay,train/entropy_loss,172032,-0.17323127388954163
decay,train/entropy_loss,176128,-0.18759475648403168
decay,train/entropy_loss,180224,-0.20863650739192963
decay,train/entropy_loss,184320,-0.18196649849414825
decay,train/entropy_loss,188416,-0.19625046849250793
decay,train/entropy_loss,192512,-0.19398656487464905
decay,train/entropy_loss,196608,-0.18836653232574463
decay,train/entropy_loss,200704,-0.20703363418579102
decay,train/entropy_loss,204800,-0.18984143435955048
decay,train/entropy_loss,208896,-0.17920689284801483
decay,train/entropy_loss,212992,-0.1830168217420578
decay,train/entropy_loss,217088,-0.19579273462295532
decay,train/entropy_loss,221184,-0.19244970381259918
decay,train/entropy_loss,225280,-0.19168634712696075
decay,train/entropy_loss,229376,-0.19694627821445465
decay,train/entropy_loss,233472,-0.19049948453903198
decay,train/entropy_loss,237568,-0.2018439769744873
decay,train/entropy_loss,241664,-0.17446021735668182
decay,train/entropy_loss,245760,-0.180093452334404
decay,train/entropy_loss,249856,-0.20078426599502563
decay,train/entropy_loss,253952,-0.18002018332481384
decay,train/entropy_loss,262144,-0.19260273873806
decay,train/entropy_loss,266240,-0.19119277596473694
decay,train/entropy_loss,270336,-0.19834166765213013
decay,train/entropy_loss,274432,-0.1993982493877411
decay,train/entropy_loss,278528,-0.18895480036735535
decay,train/entropy_loss,282624,-0.19008392095565796
decay,train/entropy_loss,286720,-0.19282321631908417
decay,train/entropy_loss,290816,-0.1836795210838318
decay,train/entropy_loss,294912,-0.17841163277626038
decay,train/entropy_loss,299008,-0.17270039021968842
decay,train/entropy_loss,303104,-0.18262985348701477
decay,train/entropy_loss,307200,-0.20491424202919006
decay,train/entropy_loss,311296,-0.18687154352664948
decay,train/entropy_loss,315392,-0.18247975409030914
decay,train/entropy_loss,319488,-0.18753549456596375
decay,train/entropy_loss,323584,-0.16843277215957642
decay,train/entropy_loss,327680,-0.18280331790447235
decay,train/entropy_loss,331776,-0.18585185706615448
decay,train/entropy_loss,335872,-0.1917344629764557
decay,train/entropy_loss,339968,-0.18088801205158234
decay,train/entropy_loss,344064,-0.19605378806591034
decay,train/entropy_loss,348160,-0.19198596477508545
decay,train/entropy_loss,352256,-0.19687628746032715
decay,train/entropy_loss,356352,-0.1891273856163025
decay,train/entropy_loss,360448,-0.19076672196388245
decay,train/entropy_loss,364544,-0.20511426031589508
decay,train/entropy_loss,368640,-0.18562355637550354
decay,train/entropy_loss,372736,-0.19669343531131744
decay,train/entropy_loss,376832,-0.19152423739433289
decay,train/entropy_loss,380928,-0.19037026166915894
decay,train/entropy_loss,385024,-0.19704744219779968
decay,train/entropy_loss,389120,-0.19775640964508057
decay,train/entropy_loss,393216,-0.18848095834255219
decay,train/entropy_loss,397312,-0.1886095553636551
decay,train/entropy_loss,401408,-0.18057990074157715
decay,train/entropy_loss,405504,-0.18561667203903198
decay,train/entropy_loss,409600,-0.19795432686805725
decay,train/entropy_loss,413696,-0.1891593039035797
decay,train/entropy_loss,417792,-0.1891845464706421
decay,train/entropy_loss,421888,-0.19456122815608978
decay,train/entropy_loss,425984,-0.1909969002008438
decay,train/entropy_loss,430080,-0.1894708126783371
decay,train/entropy_loss,434176,-0.2000187635421753
decay,train/entropy_loss,438272,-0.1957537978887558
decay,train/entropy_loss,442368,-0.2081754058599472
decay,train/entropy_loss,446464,-0.20057156682014465
decay,train/entropy_loss,450560,-0.19877997040748596
decay,train/entropy_loss,454656,-0.21034154295921326
decay,train/entropy_loss,458752,-0.2113312929868698
decay,train/entropy_loss,462848,-0.21127048134803772
decay,train/entropy_loss,466944,-0.21311795711517334
decay,train/entropy_loss,471040,-0.204032763838768
decay,train/entropy_loss,475136,-0.18617655336856842
decay,train/entropy_loss,479232,-0.19984453916549683
decay,train/entropy_loss,483328,-0.19187934696674347
decay,train/entropy_loss,487424,-0.18593302369117737
decay,train/entropy_loss,491520,-0.19081677496433258
decay,train/entropy_loss,495616,-0.18880660831928253
decay,train/entropy_loss,499712,-0.19561214745044708
decay,train/entropy_loss,503808,-0.1911959946155548
decay,train/entropy_loss,507904,-0.1959225833415985
decay,train/entropy_loss,516096,-0.20498144626617432
decay,train/entropy_loss,520192,-0.18716652691364288
decay,train/entropy_loss,524288,-0.1859489530324936
decay,train/entropy_loss,528384,-0.18972542881965637
decay,train/entropy_loss,532480,-0.192832812666893
decay,train/entropy_loss,536576,-0.20177949965000153
decay,train/entropy_loss,540672,-0.18019253015518188
decay,train/entropy_loss,544768,-0.20142489671707153
decay,train/entropy_loss,548864,-0.193714901804924
decay,train/entropy_loss,552960,-0.18966419994831085
decay,train/entropy_loss,557056,-0.2038947343826294
decay,train/entropy_loss,561152,-0.1942014992237091
decay,train/entropy_loss,565248,-0.1770925223827362
decay,train/entropy_loss,569344,-0.18310090899467468
decay,train/entropy_loss,573440,-0.19954699277877808
decay,train/entropy_loss,577536,-0.20945437252521515
decay,train/entropy_loss,581632,-0.205035001039505
decay,train/entropy_loss,585728,-0.1968059092760086
decay,train/entropy_loss,589824,-0.1985442340373993
decay,train/entropy_loss,593920,-0.1886291354894638
decay,train/entropy_loss,598016,-0.20406313240528107
decay,train/entropy_loss,602112,-0.19604110717773438
decay,train/entropy_loss,606208,-0.19153150916099548
decay,train/entropy_loss,610304,-0.21409764885902405
decay,train/entropy_loss,614400,-0.19440340995788574
decay,train/entropy_loss,618496,-0.18998683989048004
decay,train/entropy_loss,622592,-0.19758883118629456
decay,train/entropy_loss,626688,-0.20749367773532867
decay,train/entropy_loss,630784,-0.1977226287126541
decay,train/entropy_loss,634880,-0.19585102796554565
decay,train/entropy_loss,638976,-0.19891254603862762
decay,train/entropy_loss,643072,-0.19794856011867523
decay,train/entropy_loss,647168,-0.2098265290260315
decay,train/entropy_loss,651264,-0.20028522610664368
decay,train/entropy_loss,655360,-0.1954251527786255
decay,train/entropy_loss,659456,-0.19609017670154572
decay,train/entropy_loss,663552,-0.20440773665905
decay,train/entropy_loss,667648,-0.20128534734249115
decay,train/entropy_loss,671744,-0.20556500554084778
decay,train/entropy_loss,675840,-0.19408129155635834
decay,train/entropy_loss,679936,-0.18362393975257874
decay,train/entropy_loss,684032,-0.19195403158664703
decay,train/entropy_loss,688128,-0.21165770292282104
decay,train/entropy_loss,692224,-0.1891717165708542
decay,train/entropy_loss,696320,-0.1893886774778366
decay,train/entropy_loss,700416,-0.1912371814250946
decay,train/entropy_loss,704512,-0.19667835533618927
decay,train/entropy_loss,708608,-0.20177075266838074
decay,train/entropy_loss,712704,-0.20266109704971313
decay,train/entropy_loss,716800,-0.20048777759075165
decay,train/entropy_loss,720896,-0.19220300018787384
decay,train/entropy_loss,724992,-0.1858137845993042
decay,train/entropy_loss,729088,-0.19231531023979187
decay,train/entropy_loss,733184,-0.19427607953548431
decay,train/entropy_loss,737280,-0.19530829787254333
decay,train/entropy_loss,741376,-0.18995828926563263
decay,train/entropy_loss,745472,-0.18716101348400116
decay,train/entropy_loss,749568,-0.19907055795192719
decay,train/entropy_loss,753664,-0.20482787489891052
decay,train/entropy_loss,757760,-0.19237343966960907
decay,train/entropy_loss,761856,-0.21508704125881195
decay,train/entropy_loss,770048,-0.20637516677379608
decay,train/entropy_loss,774144,-0.20092029869556427
decay,train/entropy_loss,778240,-0.21260099112987518
decay,train/entropy_loss,782336,-0.21156807243824005
decay,train/entropy_loss,786432,-0.19244293868541718
decay,train/entropy_loss,790528,-0.18902674317359924
decay,train/entropy_loss,794624,-0.1849392056465149
decay,train/entropy_loss,798720,-0.19917812943458557
decay,train/entropy_loss,802816,-0.20943006873130798
decay,train/entropy_loss,806912,-0.20392659306526184
decay,train/entropy_loss,811008,-0.19107301533222198
decay,train/entropy_loss,815104,-0.19592814147472382
decay,train/entropy_loss,819200,-0.20562320947647095
decay,train/entropy_loss,823296,-0.20721831917762756
decay,train/entropy_loss,827392,-0.2081037163734436
decay,train/entropy_loss,831488,-0.2005491852760315
decay,train/entropy_loss,835584,-0.1983957588672638
decay,train/entropy_loss,839680,-0.22165220975875854
decay,train/entropy_loss,843776,-0.2116016000509262
decay,train/entropy_loss,847872,-0.21089869737625122
decay,train/entropy_loss,851968,-0.20259931683540344
decay,train/entropy_loss,856064,-0.21993274986743927
decay,train/entropy_loss,860160,-0.21196025609970093
decay,train/entropy_loss,864256,-0.22805535793304443
decay,train/entropy_loss,868352,-0.2077460139989853
decay,train/entropy_loss,872448,-0.2045949548482895
decay,train/entropy_loss,876544,-0.19349490106105804
decay,train/entropy_loss,880640,-0.202468141913414
decay,train/entropy_loss,884736,-0.2007603496313095
decay,train/entropy_loss,888832,-0.19024969637393951
decay,train/entropy_loss,892928,-0.1944606900215149
decay,train/entropy_loss,897024,-0.21574145555496216
decay,train/entropy_loss,901120,-0.20579031109809875
decay,train/entropy_loss,905216,-0.20174959301948547
decay,train/entropy_loss,909312,-0.20765888690948486
decay,train/entropy_loss,913408,-0.20832785964012146
decay,train/entropy_loss,917504,-0.2075393795967102
decay,train/entropy_loss,921600,-0.19985604286193848
decay,train/entropy_loss,925696,-0.19036312401294708
decay,train/entropy_loss,929792,-0.20546789467334747
decay,train/entropy_loss,933888,-0.21694175899028778
decay,train/entropy_loss,937984,-0.2125910371541977
decay,train/entropy_loss,942080,-0.20017026364803314
decay,train/entropy_loss,946176,-0.2111494541168213
decay,train/entropy_loss,950272,-0.21297869086265564
decay,train/entropy_loss,954368,-0.20766648650169373
decay,train/entropy_loss,958464,-0.20992858707904816
decay,train/entropy_loss,962560,-0.20278562605381012
decay,train/entropy_loss,966656,-0.1949763000011444
decay,train/entropy_loss,970752,-0.21062712371349335
decay,train/entropy_loss,974848,-0.18920552730560303
decay,train/entropy_loss,978944,-0.19557251036167145
decay,train/entropy_loss,983040,-0.20940852165222168
decay,train/entropy_loss,987136,-0.19590550661087036
decay,train/entropy_loss,991232,-0.19807997345924377
decay,train/entropy_loss,995328,-0.18876028060913086
decay,train/entropy_loss,999424,-0.19538278877735138
decay,train/entropy_loss,1003520,-0.19977465271949768
decay,train/entropy_loss,1007616,-0.19974488019943237
decay,train/entropy_loss,1011712,-0.20677995681762695
decay,train/entropy_loss,1015808,-0.21365921199321747
decay,train/entropy_loss,1024000,-0.21228963136672974
decay,train/entropy_loss,1028096,-0.20334379374980927
decay,train/entropy_loss,1032192,-0.21266525983810425
decay,train/entropy_loss,1036288,-0.21213290095329285
decay,train/entropy_loss,1040384,-0.19041544198989868
decay,train/entropy_loss,1044480,-0.1808396279811859
decay,train/entropy_loss,1048576,-0.21853074431419373
decay,train/entropy_loss,1052672,-0.21696877479553223
decay,train/entropy_loss,1056768,-0.2175939530134201
decay,train/entropy_loss,1060864,-0.1937377005815506
decay,train/entropy_loss,1064960,-0.19625186920166016
decay,train/entropy_loss,1069056,-0.2145271748304367
decay,train/entropy_loss,1073152,-0.20239797234535217
decay,train/entropy_loss,1077248,-0.20284658670425415
decay,train/entropy_loss,1081344,-0.18898583948612213
decay,train/entropy_loss,1085440,-0.20571032166481018
decay,train/entropy_loss,1089536,-0.1991002857685089
decay,train/entropy_loss,1093632,-0.21003560721874237
decay,train/entropy_loss,1097728,-0.1990971863269806
decay,train/entropy_loss,1101824,-0.19653178751468658
decay,train/entropy_loss,1105920,-0.2116542011499405
decay,train/entropy_loss,1110016,-0.19976626336574554
decay,train/entropy_loss,1114112,-0.20700840651988983
decay,train/entropy_loss,1118208,-0.21352168917655945
decay,train/entropy_loss,1122304,-0.20237374305725098
decay,train/entropy_loss,1126400,-0.19685089588165283
decay,train/entropy_loss,1130496,-0.19295383989810944
decay,train/entropy_loss,1134592,-0.20331187546253204
decay,train/entropy_loss,1138688,-0.20325829088687897
decay,train/entropy_loss,1142784,-0.19966767728328705
decay,train/entropy_loss,1146880,-0.2039516270160675
decay,train/entropy_loss,1150976,-0.19588276743888855
decay,train/entropy_loss,1155072,-0.18526241183280945
decay,train/entropy_loss,1159168,-0.1862921267747879
decay,train/entropy_loss,1163264,-0.22822320461273193
decay,train/entropy_loss,1167360,-0.20696645975112915
decay,train/entropy_loss,1171456,-0.2023811638355255
decay,train/entropy_loss,1175552,-0.20018796622753143
decay,train/entropy_loss,1179648,-0.20260241627693176
decay,train/entropy_loss,1183744,-0.19386939704418182
decay,train/entropy_loss,1187840,-0.1938229352235794
decay,train/entropy_loss,1191936,-0.19903402030467987
decay,train/entropy_loss,1196032,-0.19870592653751373
decay,train/entropy_loss,1200128,-0.20379973948001862
decay,train/entropy_loss,1204224,-0.19274969398975372
decay,train/entropy_loss,1208320,-0.1996607780456543
decay,train/entropy_loss,1212416,-0.197930708527565
decay,train/entropy_loss,1216512,-0.2066211700439453
decay,train/entropy_loss,1220608,-0.2032237946987152
decay,train/entropy_loss,1224704,-0.1947679966688156
decay,train/entropy_loss,1228800,-0.20425505936145782
decay,train/entropy_loss,1232896,-0.19531133770942688
decay,train/entropy_loss,1236992,-0.19964565336704254
decay,train/entropy_loss,1241088,-0.20765729248523712
decay,train/entropy_loss,1245184,-0.185128316283226
decay,train/entropy_loss,1249280,-0.19369177520275116
decay,train/entropy_loss,1253376,-0.19441437721252441
decay,train/entropy_loss,1257472,-0.2162804901599884
decay,train/entropy_loss,1261568,-0.19724471867084503
decay,train/entropy_loss,1265664,-0.2059156447649002
decay,train/entropy_loss,1269760,-0.20037463307380676
decay,train/entropy_loss,1277952,-0.19762936234474182
decay,train/entropy_loss,1282048,-0.20180906355381012
decay,train/entropy_loss,1286144,-0.18987224996089935
decay,train/entropy_loss,1290240,-0.19338686764240265
decay,train/entropy_loss,1294336,-0.1996850073337555
decay,train/entropy_loss,1298432,-0.19545340538024902
decay,train/entropy_loss,1302528,-0.1984790712594986
decay,train/entropy_loss,1306624,-0.18164794147014618
decay,train/entropy_loss,1310720,-0.19204376637935638
decay,train/entropy_loss,1314816,-0.19960883259773254
decay,train/entropy_loss,1318912,-0.19237300753593445
decay,train/entropy_loss,1323008,-0.20930585265159607
decay,train/entropy_loss,1327104,-0.19732904434204102
decay,train/entropy_loss,1331200,-0.20372754335403442
decay,train/entropy_loss,1335296,-0.21219348907470703
decay,train/entropy_loss,1339392,-0.20537060499191284
decay,train/entropy_loss,1343488,-0.2034643441438675
decay,train/entropy_loss,1347584,-0.19257737696170807
decay,train/entropy_loss,1351680,-0.2085994929075241
decay,train/entropy_loss,1355776,-0.2166241705417633
decay,train/entropy_loss,1359872,-0.2105376124382019
decay,train/entropy_loss,1363968,-0.20442670583724976
decay,train/entropy_loss,1368064,-0.1927344650030136
decay,train/entropy_loss,1372160,-0.19564148783683777
decay,train/entropy_loss,1376256,-0.1952192485332489
decay,train/entropy_loss,1380352,-0.19811971485614777
decay,train/entropy_loss,1384448,-0.19966207444667816
decay,train/entropy_loss,1388544,-0.18563205003738403
decay,train/entropy_loss,1392640,-0.20915140211582184
decay,train/entropy_loss,1396736,-0.20273305475711823
decay,train/entropy_loss,1400832,-0.2030675858259201
decay,train/entropy_loss,1404928,-0.20551565289497375
decay,train/entropy_loss,1409024,-0.19776567816734314
decay,train/entropy_loss,1413120,-0.19488008320331573
decay,train/entropy_loss,1417216,-0.1949445903301239
decay,train/entropy_loss,1421312,-0.20072093605995178
decay,train/entropy_loss,1425408,-0.2045813500881195
decay,train/entropy_loss,1429504,-0.2096220999956131
decay,train/entropy_loss,1433600,-0.20688313245773315
decay,train/entropy_loss,1437696,-0.2023448348045349
decay,train/entropy_loss,1441792,-0.2111915796995163
decay,train/entropy_loss,1445888,-0.193887859582901
decay,train/entropy_loss,1449984,-0.19451028108596802
decay,train/entropy_loss,1454080,-0.20971444249153137
decay,train/entropy_loss,1458176,-0.1916854977607727
decay,train/entropy_loss,1462272,-0.1916365623474121
decay,train/entropy_loss,1466368,-0.1957678198814392
decay,train/entropy_loss,1470464,-0.20095431804656982
decay,train/entropy_loss,1474560,-0.19783355295658112
decay,train/entropy_loss,1478656,-0.1932963877916336
decay,train/entropy_loss,1482752,-0.2003488391637802
decay,train/entropy_loss,1486848,-0.18517567217350006
decay,train/entropy_loss,1490944,-0.18323087692260742
decay,train/entropy_loss,1495040,-0.1881503164768219
decay,train/entropy_loss,1499136,-0.1932048350572586
decay,train/entropy_loss,1503232,-0.1854076236486435
decay,train/entropy_loss,1507328,-0.18132701516151428
decay,train/entropy_loss,1511424,-0.18602171540260315
decay,train/entropy_loss,1515520,-0.18686817586421967
decay,train/entropy_loss,1519616,-0.17800657451152802
decay,train/entropy_loss,1523712,-0.184158593416214
decay,train/entropy_loss,1531904,-0.18094828724861145
decay,train/entropy_loss,1536000,-0.16522090137004852
decay,train/entropy_loss,1540096,-0.16581949591636658
decay,train/entropy_loss,1544192,-0.19129961729049683
decay,train/entropy_loss,1548288,-0.16655795276165009
decay,train/entropy_loss,1552384,-0.1695399433374405
decay,train/entropy_loss,1556480,-0.18081708252429962
decay,train/entropy_loss,1560576,-0.16472096741199493
decay,train/entropy_loss,1564672,-0.17012514173984528
decay,train/entropy_loss,1568768,-0.1680586189031601
decay,train/entropy_loss,1572864,-0.17952090501785278
decay,train/entropy_loss,1576960,-0.17187146842479706
decay,train/entropy_loss,1581056,-0.1937026083469391
decay,train/entropy_loss,1585152,-0.1853436827659607
decay,train/entropy_loss,1589248,-0.18094956874847412
decay,train/entropy_loss,1593344,-0.18581683933734894
decay,train/entropy_loss,1597440,-0.1780695617198944
decay,train/entropy_loss,1601536,-0.17528419196605682
decay,train/entropy_loss,1605632,-0.17679065465927124
decay,train/entropy_loss,1609728,-0.1786860078573227
decay,train/entropy_loss,1613824,-0.17294171452522278
decay,train/entropy_loss,1617920,-0.17335385084152222
decay,train/entropy_loss,1622016,-0.1841801255941391
decay,train/entropy_loss,1626112,-0.17862457036972046
decay,train/entropy_loss,1630208,-0.16761526465415955
decay,train/entropy_loss,1634304,-0.1890287548303604
decay,train/entropy_loss,1638400,-0.17826302349567413
decay,train/entropy_loss,1642496,-0.18309439718723297
decay,train/entropy_loss,1646592,-0.1734730452299118
decay,train/entropy_loss,1650688,-0.17690491676330566
decay,train/entropy_loss,1654784,-0.17078618705272675
decay,train/entropy_loss,1658880,-0.16628386080265045
decay,train/entropy_loss,1662976,-0.17438550293445587
decay,train/entropy_loss,1667072,-0.17802444100379944
decay,train/entropy_loss,1671168,-0.1820240467786789
decay,train/entropy_loss,1675264,-0.18398118019104004
decay,train/entropy_loss,1679360,-0.199593186378479
decay,train/entropy_loss,1683456,-0.19168303906917572
decay,train/entropy_loss,1687552,-0.18889853358268738
decay,train/entropy_loss,1691648,-0.1896793246269226
decay,train/entropy_loss,1695744,-0.1898774951696396
decay,train/entropy_loss,1699840,-0.18124254047870636
decay,train/entropy_loss,1703936,-0.17935144901275635
decay,train/entropy_loss,1708032,-0.17295202612876892
decay,train/entropy_loss,1712128,-0.18542593717575073
decay,train/entropy_loss,1716224,-0.18141061067581177
decay,train/entropy_loss,1720320,-0.18396249413490295
decay,train/entropy_loss,1724416,-0.17259810864925385
decay,train/entropy_loss,1728512,-0.1829097419977188
decay,train/entropy_loss,1732608,-0.18300534784793854
decay,train/entropy_loss,1736704,-0.18548434972763062
decay,train/entropy_loss,1740800,-0.18783320486545563
decay,train/entropy_loss,1744896,-0.18840542435646057
decay,train/entropy_loss,1748992,-0.182879239320755
decay,train/entropy_loss,1753088,-0.2032725214958191
decay,train/entropy_loss,1757184,-0.19535143673419952
decay,train/entropy_loss,1761280,-0.19750458002090454
decay,train/entropy_loss,1765376,-0.20448555052280426
decay,train/entropy_loss,1769472,-0.1907178908586502
decay,train/entropy_loss,1773568,-0.19486254453659058
decay,train/entropy_loss,1777664,-0.18616971373558044
decay,train/entropy_loss,1785856,-0.1801425963640213
decay,train/entropy_loss,1789952,-0.18108488619327545
decay,train/entropy_loss,1794048,-0.1844770610332489
decay,train/entropy_loss,1798144,-0.17477819323539734
decay,train/entropy_loss,1802240,-0.1813075840473175
decay,train/entropy_loss,1806336,-0.1785353422164917
decay,train/entropy_loss,1810432,-0.1919793337583542
decay,train/entropy_loss,1814528,-0.17435325682163239
decay,train/entropy_loss,1818624,-0.17639197409152985
decay,train/entropy_loss,1822720,-0.17894834280014038
decay,train/entropy_loss,1826816,-0.1954726129770279
decay,train/entropy_loss,1830912,-0.17957672476768494
decay,train/entropy_loss,1835008,-0.1872190684080124
decay,train/entropy_loss,1839104,-0.1986619383096695
decay,train/entropy_loss,1843200,-0.1792515367269516
decay,train/entropy_loss,1847296,-0.18231754004955292
decay,train/entropy_loss,1851392,-0.1898544430732727
decay,train/entropy_loss,1855488,-0.18404105305671692
decay,train/entropy_loss,1859584,-0.1979226917028427
decay,train/entropy_loss,1863680,-0.17748220264911652
decay,train/entropy_loss,1867776,-0.1978711187839508
decay,train/entropy_loss,1871872,-0.17280694842338562
decay,train/entropy_loss,1875968,-0.18254998326301575
decay,train/entropy_loss,1880064,-0.19307120144367218
decay,train/entropy_loss,1884160,-0.18242305517196655
decay,train/entropy_loss,1888256,-0.18156899511814117
decay,train/entropy_loss,1892352,-0.18159274756908417
decay,train/entropy_loss,1896448,-0.17998141050338745
decay,train/entropy_loss,1900544,-0.18321622908115387
decay,train/entropy_loss,1904640,-0.18115569651126862
decay,train/entropy_loss,1908736,-0.17424049973487854
decay,train/entropy_loss,1912832,-0.18142859637737274
decay,train/entropy_loss,1916928,-0.18998928368091583
decay,train/entropy_loss,1921024,-0.18790006637573242
decay,train/entropy_loss,1925120,-0.1797500103712082
decay,train/entropy_loss,1929216,-0.1842753291130066
decay,train/entropy_loss,1933312,-0.19953365623950958
decay,train/entropy_loss,1937408,-0.16929128766059875
decay,train/entropy_loss,1941504,-0.1775398999452591
decay,train/entropy_loss,1945600,-0.18962891399860382
decay,train/entropy_loss,1949696,-0.1889878660440445
decay,train/entropy_loss,1953792,-0.18219006061553955
decay,train/entropy_loss,1957888,-0.16482828557491302
decay,train/entropy_loss,1961984,-0.18473829329013824
decay,train/entropy_loss,1966080,-0.17120245099067688
decay,train/entropy_loss,1970176,-0.16303128004074097
decay,train/entropy_loss,1974272,-0.17585451900959015
decay,train/entropy_loss,1978368,-0.18154515326023102
decay,train/entropy_loss,1982464,-0.18205854296684265
decay,train/entropy_loss,1986560,-0.17896665632724762
decay,train/entropy_loss,1990656,-0.17185157537460327
decay,train/entropy_loss,1994752,-0.1871742308139801
decay,train/entropy_loss,1998848,-0.18766182661056519
decay,train/entropy_loss,2002944,-0.18941153585910797
decay,train/entropy_loss,2007040,-0.1818423569202423
decay,train/entropy_loss,2011136,-0.18870584666728973
decay,train/entropy_loss,2015232,-0.20178265869617462
decay,train/entropy_loss,2019328,-0.17678658664226532
decay,train/entropy_loss,2023424,-0.1942695677280426
decay,train/entropy_loss,2027520,-0.19033414125442505
decay,train/entropy_loss,2031616,-0.1954077184200287
decay,train/entropy_loss,2039808,-0.19852808117866516
decay,train/entropy_loss,2043904,-0.19746920466423035
decay,train/entropy_loss,2048000,-0.18665994703769684
decay,train/entropy_loss,2052096,-0.17223723232746124
decay,train/entropy_loss,2056192,-0.20006440579891205
decay,train/entropy_loss,2060288,-0.1994893103837967
decay,train/entropy_loss,2064384,-0.18133364617824554
decay,train/entropy_loss,2068480,-0.19212645292282104
decay,train/entropy_loss,2072576,-0.19347549974918365
decay,train/entropy_loss,2076672,-0.1989997923374176
decay,train/entropy_loss,2080768,-0.19697889685630798
decay,train/entropy_loss,2084864,-0.18730486929416656
decay,train/entropy_loss,2088960,-0.20619796216487885
decay,train/entropy_loss,2093056,-0.18264475464820862
decay,train/entropy_loss,2097152,-0.1849484145641327
decay,train/entropy_loss,2101248,-0.2027745395898819
decay,train/entropy_loss,2105344,-0.21799127757549286
decay,train/entropy_loss,2109440,-0.2021365910768509
decay,train/entropy_loss,2113536,-0.19927847385406494
decay,train/entropy_loss,2117632,-0.1951049268245697
decay,train/entropy_loss,2121728,-0.19250424206256866
decay,train/entropy_loss,2125824,-0.19494368135929108
decay,train/entropy_loss,2129920,-0.21055564284324646
decay,train/entropy_loss,2134016,-0.19904851913452148
decay,train/entropy_loss,2138112,-0.19356027245521545
decay,train/entropy_loss,2142208,-0.1925046443939209
decay,train/entropy_loss,2146304,-0.1955263614654541
decay,train/entropy_loss,2150400,-0.1982354074716568
decay,train/entropy_loss,2154496,-0.2044529765844345
decay,train/entropy_loss,2158592,-0.19220513105392456
decay,train/entropy_loss,2162688,-0.20096628367900848
decay,train/entropy_loss,2166784,-0.1895132213830948
decay,train/entropy_loss,2170880,-0.1986113041639328
decay,train/entropy_loss,2174976,-0.19704805314540863
decay,train/entropy_loss,2179072,-0.2176431566476822
decay,train/entropy_loss,2183168,-0.20597001910209656
decay,train/entropy_loss,2187264,-0.2025911808013916
decay,train/entropy_loss,2191360,-0.20259687304496765
decay,train/entropy_loss,2195456,-0.19193872809410095
decay,train/entropy_loss,2199552,-0.21532124280929565
decay,train/entropy_loss,2203648,-0.21551816165447235
decay,train/entropy_loss,2207744,-0.20275339484214783
decay,train/entropy_loss,2211840,-0.19695782661437988
decay,train/entropy_loss,2215936,-0.194875568151474
decay,train/entropy_loss,2220032,-0.19209906458854675
decay,train/entropy_loss,2224128,-0.19627824425697327
decay,train/entropy_loss,2228224,-0.21122993528842926
decay,train/entropy_loss,2232320,-0.19685567915439606
decay,train/entropy_loss,2236416,-0.19095489382743835
decay,train/entropy_loss,2240512,-0.19360604882240295
decay,train/entropy_loss,2244608,-0.18891075253486633
decay,train/entropy_loss,2248704,-0.197960764169693
decay,train/entropy_loss,2252800,-0.2018175572156906
decay,train/entropy_loss,2256896,-0.19440141320228577
decay,train/entropy_loss,2260992,-0.20424115657806396
decay,train/entropy_loss,2265088,-0.19497789442539215
decay,train/entropy_loss,2269184,-0.1971515715122223
decay,train/entropy_loss,2273280,-0.18573889136314392
decay,train/entropy_loss,2277376,-0.20582033693790436
decay,train/entropy_loss,2281472,-0.20777148008346558
decay,train/entropy_loss,2285568,-0.20304855704307556
decay,train/entropy_loss,2293760,-0.20213764905929565
decay,train/entropy_loss,2297856,-0.18876007199287415
decay,train/entropy_loss,2301952,-0.18531662225723267
decay,train/entropy_loss,2306048,-0.18352115154266357
decay,train/entropy_loss,2310144,-0.20240609347820282
decay,train/entropy_loss,2314240,-0.18594631552696228
decay,train/entropy_loss,2318336,-0.20184572041034698
decay,train/entropy_loss,2322432,-0.19391511380672455
decay,train/entropy_loss,2326528,-0.1933901309967041
decay,train/entropy_loss,2330624,-0.1794722080230713
decay,train/entropy_loss,2334720,-0.19575412571430206
decay,train/entropy_loss,2338816,-0.1806226521730423
decay,train/entropy_loss,2342912,-0.18484441936016083
decay,train/entropy_loss,2347008,-0.18579761683940887
decay,train/entropy_loss,2351104,-0.19408908486366272
decay,train/entropy_loss,2355200,-0.19028574228286743
decay,train/entropy_loss,2359296,-0.1860484480857849
decay,train/entropy_loss,2363392,-0.20014849305152893
decay,train/entropy_loss,2367488,-0.1946643888950348
decay,train/entropy_loss,2371584,-0.18442019820213318
decay,train/entropy_loss,2375680,-0.18842989206314087
decay,train/entropy_loss,2379776,-0.18410895764827728
decay,train/entropy_loss,2383872,-0.19070282578468323
decay,train/entropy_loss,2387968,-0.1987490952014923
decay,train/entropy_loss,2392064,-0.196184903383255
decay,train/entropy_loss,2396160,-0.19302642345428467
decay,train/entropy_loss,2400256,-0.19330094754695892
decay,train/entropy_loss,2404352,-0.1974581778049469
decay,train/entropy_loss,2408448,-0.19430847465991974
decay,train/entropy_loss,2412544,-0.19285717606544495
decay,train/entropy_loss,2416640,-0.18435785174369812
decay,train/entropy_loss,2420736,-0.19903483986854553
decay,train/entropy_loss,2424832,-0.20480966567993164
decay,train/entropy_loss,2428928,-0.20357680320739746
decay,train/entropy_loss,2433024,-0.18737231194972992
decay,train/entropy_loss,2437120,-0.19533292949199677
decay,train/entropy_loss,2441216,-0.19829493761062622
decay,train/entropy_loss,2445312,-0.19342875480651855
decay,train/entropy_loss,2449408,-0.18486234545707703
decay,train/entropy_loss,2453504,-0.20874612033367157
decay,train/entropy_loss,2457600,-0.18712125718593597
decay,train/entropy_loss,2461696,-0.19115930795669556
decay,train/entropy_loss,2465792,-0.2004881203174591
decay,train/entropy_loss,2469888,-0.18938197195529938
decay,train/entropy_loss,2473984,-0.192910298705101
decay,train/entropy_loss,2478080,-0.2049468755722046
decay,train/entropy_loss,2482176,-0.19422569870948792
decay,train/entropy_loss,2486272,-0.17717832326889038
decay,train/entropy_loss,2490368,-0.2017981857061386
decay,train/entropy_loss,2494464,-0.18411487340927124
decay,train/entropy_loss,2498560,-0.18362846970558167
decay,train/entropy_loss,2502656,-0.18442390859127045
decay,train/entropy_loss,2506752,-0.18176601827144623
decay,train/entropy_loss,2510848,-0.19320525228977203
decay,train/entropy_loss,2514944,-0.18800309300422668
decay,train/entropy_loss,2519040,-0.19052037596702576
decay,train/entropy_loss,2523136,-0.1932092010974884
decay,train/entropy_loss,2527232,-0.18671031296253204
decay,train/entropy_loss,2531328,-0.18839041888713837
decay,train/entropy_loss,2535424,-0.1902831643819809
decay,train/entropy_loss,2539520,-0.19391754269599915
decay,train/entropy_loss,2547712,-0.18878795206546783
decay,train/entropy_loss,2551808,-0.1911621242761612
decay,train/entropy_loss,2555904,-0.19039109349250793
decay,train/entropy_loss,2560000,-0.18959324061870575
decay,train/entropy_loss,2564096,-0.19911342859268188
decay,train/entropy_loss,2568192,-0.19220492243766785
decay,train/entropy_loss,2572288,-0.19158409535884857
decay,train/entropy_loss,2576384,-0.18020793795585632
decay,train/entropy_loss,2580480,-0.18294575810432434
decay,train/entropy_loss,2584576,-0.17516107857227325
decay,train/entropy_loss,2588672,-0.1892973780632019
decay,train/entropy_loss,2592768,-0.1813444197177887
decay,train/entropy_loss,2596864,-0.17520609498023987
decay,train/entropy_loss,2600960,-0.1804000735282898
decay,train/entropy_loss,2605056,-0.17321784794330597
decay,train/entropy_loss,2609152,-0.1841265857219696
decay,train/entropy_loss,2613248,-0.17191480100154877
decay,train/entropy_loss,2617344,-0.17953690886497498
decay,train/entropy_loss,2621440,-0.19140003621578217
decay,train/entropy_loss,2625536,-0.17495039105415344
decay,train/entropy_loss,2629632,-0.17557986080646515
decay,train/entropy_loss,2633728,-0.17109952867031097
decay,train/entropy_loss,2637824,-0.16120463609695435
decay,train/entropy_loss,2641920,-0.1721387505531311
decay,train/entropy_loss,2646016,-0.1693752110004425
decay,train/entropy_loss,2650112,-0.16751089692115784
decay,train/entropy_loss,2654208,-0.1689167469739914
decay,train/entropy_loss,2658304,-0.17286105453968048
decay,train/entropy_loss,2662400,-0.1735965460538864
decay,train/entropy_loss,2666496,-0.17407675087451935
decay,train/entropy_loss,2670592,-0.17472004890441895
decay,train/entropy_loss,2674688,-0.171916663646698
decay,train/entropy_loss,2678784,-0.16649548709392548
decay,train/entropy_loss,2682880,-0.15843720734119415
decay,train/entropy_loss,2686976,-0.16440044343471527
decay,train/entropy_loss,2691072,-0.16875207424163818
decay,train/entropy_loss,2695168,-0.16505621373653412
decay,train/entropy_loss,2699264,-0.15668363869190216
decay,train/entropy_loss,2703360,-0.15697798132896423
decay,train/entropy_loss,2707456,-0.15451541543006897
decay,train/entropy_loss,2711552,-0.16134491562843323
decay,train/entropy_loss,2715648,-0.155594602227211
decay,train/entropy_loss,2719744,-0.16143710911273956
decay,train/entropy_loss,2723840,-0.14633700251579285
decay,train/entropy_loss,2727936,-0.15242281556129456
decay,train/entropy_loss,2732032,-0.14010289311408997
decay,train/entropy_loss,2736128,-0.1617569625377655
decay,train/entropy_loss,2740224,-0.14559794962406158
decay,train/entropy_loss,2744320,-0.15493102371692657
decay,train/entropy_loss,2748416,-0.13986177742481232
decay,train/entropy_loss,2752512,-0.16013853251934052
decay,train/entropy_loss,2756608,-0.16511912643909454
decay,train/entropy_loss,2760704,-0.15967035293579102
decay,train/entropy_loss,2764800,-0.14714497327804565
decay,train/entropy_loss,2768896,-0.1626654416322708
decay,train/entropy_loss,2772992,-0.15367008745670319
decay,train/entropy_loss,2777088,-0.1570477932691574
decay,train/entropy_loss,2781184,-0.1610841304063797
decay,train/entropy_loss,2785280,-0.1619187891483307
decay,train/entropy_loss,2789376,-0.1558743715286255
decay,train/entropy_loss,2793472,-0.15144017338752747
decay,train/entropy_loss,2801664,-0.15152673423290253
decay,train/entropy_loss,2805760,-0.15590567886829376
decay,train/entropy_loss,2809856,-0.1639198362827301
decay,train/entropy_loss,2813952,-0.1524246335029602
decay,train/entropy_loss,2818048,-0.16006335616111755
decay,train/entropy_loss,2822144,-0.15458384156227112
decay,train/entropy_loss,2826240,-0.16744311153888702
decay,train/entropy_loss,2830336,-0.15904778242111206
decay,train/entropy_loss,2834432,-0.15892845392227173
decay,train/entropy_loss,2838528,-0.15227897465229034
decay,train/entropy_loss,2842624,-0.1499958634376526
decay,train/entropy_loss,2846720,-0.15590322017669678
decay,train/entropy_loss,2850816,-0.15424120426177979
decay,train/entropy_loss,2854912,-0.14497576653957367
decay,train/entropy_loss,2859008,-0.1475330889225006
decay,train/entropy_loss,2863104,-0.14964796602725983
decay,train/entropy_loss,2867200,-0.14764723181724548
decay,train/entropy_loss,2871296,-0.15725940465927124
decay,train/entropy_loss,2875392,-0.14996221661567688
decay,train/entropy_loss,2879488,-0.13806305825710297
decay,train/entropy_loss,2883584,-0.14119942486286163
decay,train/entropy_loss,2887680,-0.14300976693630219
decay,train/entropy_loss,2891776,-0.15248660743236542
decay,train/entropy_loss,2895872,-0.16491903364658356
decay,train/entropy_loss,2899968,-0.14611488580703735
decay,train/entropy_loss,2904064,-0.1452796906232834
decay,train/entropy_loss,2908160,-0.14180058240890503
decay,train/entropy_loss,2912256,-0.14805027842521667
decay,train/entropy_loss,2916352,-0.14657370746135712
decay,train/entropy_loss,2920448,-0.1356622278690338
decay,train/entropy_loss,2924544,-0.14585638046264648
decay,train/entropy_loss,2928640,-0.1294841766357422
decay,train/entropy_loss,2932736,-0.15541712939739227
decay,train/entropy_loss,2936832,-0.14004851877689362
decay,train/entropy_loss,2940928,-0.1484595239162445
decay,train/entropy_loss,2945024,-0.1353854537010193
decay,train/entropy_loss,2949120,-0.14670099318027496
decay,train/entropy_loss,2953216,-0.15212343633174896
decay,train/entropy_loss,2957312,-0.15629461407661438
decay,train/entropy_loss,2961408,-0.1427973359823227
decay,train/entropy_loss,2965504,-0.14446821808815002
decay,train/entropy_loss,2969600,-0.15640321373939514
decay,train/entropy_loss,2973696,-0.16252626478672028
decay,train/entropy_loss,2977792,-0.1521732211112976
decay,train/entropy_loss,2981888,-0.1528361439704895
decay,train/entropy_loss,2985984,-0.16710437834262848
decay,train/entropy_loss,2990080,-0.17095333337783813
decay,train/entropy_loss,2994176,-0.16213569045066833
decay,train/entropy_loss,2998272,-0.1749836951494217
decay,train/entropy_loss,3002368,-0.17315629124641418
decay,train/entropy_loss,3006464,-0.17244158685207367
decay,train/entropy_loss,3010560,-0.16991430521011353
decay,train/entropy_loss,3014656,-0.15396960079669952
decay,train/entropy_loss,3018752,-0.16184590756893158
decay,train/entropy_loss,3022848,-0.15747636556625366
decay,train/entropy_loss,3026944,-0.15077446401119232
decay,train/entropy_loss,3031040,-0.1492910534143448
decay,train/entropy_loss,3035136,-0.15506954491138458
decay,train/entropy_loss,3039232,-0.15930192172527313
decay,train/entropy_loss,3043328,-0.15346188843250275
decay,train/entropy_loss,3047424,-0.173283189535141
decay,train/ent_coef_effective,4096,0.019999999552965164
decay,train/ent_coef_effective,8192,0.01997951976954937
decay,train/ent_coef_effective,12288,0.019959039986133575
decay,train/ent_coef_effective,16384,0.01993856020271778
decay,train/ent_coef_effective,20480,0.019918080419301987
decay,train/ent_coef_effective,24576,0.019897600635886192
decay,train/ent_coef_effective,28672,0.019877120852470398
decay,train/ent_coef_effective,32768,0.019856639206409454
decay,train/ent_coef_effective,36864,0.01983615942299366
decay,train/ent_coef_effective,40960,0.019815679639577866
decay,train/ent_coef_effective,45056,0.01979519985616207
decay,train/ent_coef_effective,49152,0.019774720072746277
decay,train/ent_coef_effective,53248,0.019754240289330482
decay,train/ent_coef_effective,57344,0.019733760505914688
decay,train/ent_coef_effective,61440,0.019713280722498894
decay,train/ent_coef_effective,65536,0.01969279907643795
decay,train/ent_coef_effective,69632,0.019672319293022156
decay,train/ent_coef_effective,73728,0.01965183950960636
decay,train/ent_coef_effective,77824,0.019631359726190567
decay,train/ent_coef_effective,81920,0.019610879942774773
decay,train/ent_coef_effective,86016,0.01959040015935898
decay,train/ent_coef_effective,90112,0.019569920375943184
decay,train/ent_coef_effective,94208,0.01954944059252739
decay,train/ent_coef_effective,98304,0.019528960809111595
decay,train/ent_coef_effective,102400,0.01950847916305065
decay,train/ent_coef_effective,106496,0.019487999379634857
decay,train/ent_coef_effective,110592,0.019467519596219063
decay,train/ent_coef_effective,114688,0.01944703981280327
decay,train/ent_coef_effective,118784,0.019426560029387474
decay,train/ent_coef_effective,122880,0.01940608024597168
decay,train/ent_coef_effective,126976,0.019385600462555885
decay,train/ent_coef_effective,131072,0.01936512067914009
decay,train/ent_coef_effective,135168,0.019344640895724297
decay,train/ent_coef_effective,139264,0.019324159249663353
decay,train/ent_coef_effective,143360,0.01930367946624756
decay,train/ent_coef_effective,147456,0.019283199682831764
decay,train/ent_coef_effective,151552,0.01926271989941597
decay,train/ent_coef_effective,155648,0.019242240116000175
decay,train/ent_coef_effective,159744,0.01922176033258438
decay,train/ent_coef_effective,163840,0.019201280549168587
decay,train/ent_coef_effective,167936,0.019180800765752792
decay,train/ent_coef_effective,172032,0.01916031911969185
decay,train/ent_coef_effective,176128,0.019139839336276054
decay,train/ent_coef_effective,180224,0.01911935955286026
decay,train/ent_coef_effective,184320,0.019098879769444466
decay,train/ent_coef_effective,188416,0.01907839998602867
decay,train/ent_coef_effective,192512,0.019057920202612877
decay,train/ent_coef_effective,196608,0.019037440419197083
decay,train/ent_coef_effective,200704,0.019016960635781288
decay,train/ent_coef_effective,204800,0.018996480852365494
decay,train/ent_coef_effective,208896,0.01897599920630455
decay,train/ent_coef_effective,212992,0.018955519422888756
decay,train/ent_coef_effective,217088,0.01893503963947296
decay,train/ent_coef_effective,221184,0.018914559856057167
decay,train/ent_coef_effective,225280,0.018894080072641373
decay,train/ent_coef_effective,229376,0.01887360028922558
decay,train/ent_coef_effective,233472,0.018853120505809784
decay,train/ent_coef_effective,237568,0.01883264072239399
decay,train/ent_coef_effective,241664,0.018812159076333046
decay,train/ent_coef_effective,245760,0.01879167929291725
decay,train/ent_coef_effective,249856,0.018771199509501457
decay,train/ent_coef_effective,253952,0.018750719726085663
decay,train/ent_coef_effective,258048,0.01873023994266987
decay,train/ent_coef_effective,262144,0.018709760159254074
decay,train/ent_coef_effective,266240,0.01868928037583828
decay,train/ent_coef_effective,270336,0.018668800592422485
decay,train/ent_coef_effective,274432,0.01864832080900669
decay,train/ent_coef_effective,278528,0.018627839162945747
decay,train/ent_coef_effective,282624,0.018607359379529953
decay,train/ent_coef_effective,286720,0.01858687959611416
decay,train/ent_coef_effective,290816,0.018566399812698364
decay,train/ent_coef_effective,294912,0.01854592002928257
decay,train/ent_coef_effective,299008,0.018525440245866776
decay,train/ent_coef_effective,303104,0.01850496046245098
decay,train/ent_coef_effective,307200,0.018484480679035187
decay,train/ent_coef_effective,311296,0.018464000895619392
decay,train/ent_coef_effective,315392,0.01844351924955845
decay,train/ent_coef_effective,319488,0.018423039466142654
decay,train/ent_coef_effective,323584,0.01840255968272686
decay,train/ent_coef_effective,327680,0.018382079899311066
decay,train/ent_coef_effective,331776,0.01836160011589527
decay,train/ent_coef_effective,335872,0.018341120332479477
decay,train/ent_coef_effective,339968,0.018320640549063683
decay,train/ent_coef_effective,344064,0.018300160765647888
decay,train/ent_coef_effective,348160,0.018279679119586945
decay,train/ent_coef_effective,352256,0.01825919933617115
decay,train/ent_coef_effective,356352,0.018238719552755356
decay,train/ent_coef_effective,360448,0.01821823976933956
decay,train/ent_coef_effective,364544,0.018197759985923767
decay,train/ent_coef_effective,368640,0.018177280202507973
decay,train/ent_coef_effective,372736,0.01815680041909218
decay,train/ent_coef_effective,376832,0.018136320635676384
decay,train/ent_coef_effective,380928,0.01811584085226059
decay,train/ent_coef_effective,385024,0.018095359206199646
decay,train/ent_coef_effective,389120,0.01807487942278385
decay,train/ent_coef_effective,393216,0.018054399639368057
decay,train/ent_coef_effective,397312,0.018033919855952263
decay,train/ent_coef_effective,401408,0.01801344007253647
decay,train/ent_coef_effective,405504,0.017992960289120674
decay,train/ent_coef_effective,409600,0.01797248050570488
decay,train/ent_coef_effective,413696,0.017952000722289085
decay,train/ent_coef_effective,417792,0.017931519076228142
decay,train/ent_coef_effective,421888,0.017911039292812347
decay,train/ent_coef_effective,425984,0.017890559509396553
decay,train/ent_coef_effective,430080,0.01787007972598076
decay,train/ent_coef_effective,434176,0.017849599942564964
decay,train/ent_coef_effective,438272,0.01782912015914917
decay,train/ent_coef_effective,442368,0.017808640375733376
decay,train/ent_coef_effective,446464,0.01778816059231758
decay,train/ent_coef_effective,450560,0.017767680808901787
decay,train/ent_coef_effective,454656,0.017747199162840843
decay,train/ent_coef_effective,458752,0.01772671937942505
decay,train/ent_coef_effective,462848,0.017706239596009254
decay,train/ent_coef_effective,466944,0.01768575981259346
decay,train/ent_coef_effective,471040,0.017665280029177666
decay,train/ent_coef_effective,475136,0.01764480024576187
decay,train/ent_coef_effective,479232,0.017624320462346077
decay,train/ent_coef_effective,483328,0.017603840678930283
decay,train/ent_coef_effective,487424,0.017583360895514488
decay,train/ent_coef_effective,491520,0.017562879249453545
decay,train/ent_coef_effective,495616,0.01754239946603775
decay,train/ent_coef_effective,499712,0.017521919682621956
decay,train/ent_coef_effective,503808,0.01750143989920616
decay,train/ent_coef_effective,507904,0.017480960115790367
decay,train/ent_coef_effective,512000,0.017460480332374573
decay,train/ent_coef_effective,516096,0.01744000054895878
decay,train/ent_coef_effective,520192,0.017419520765542984
decay,train/ent_coef_effective,524288,0.01739903911948204
decay,train/ent_coef_effective,528384,0.017378559336066246
decay,train/ent_coef_effective,532480,0.01735807955265045
decay,train/ent_coef_effective,536576,0.017337599769234657
decay,train/ent_coef_effective,540672,0.017317119985818863
decay,train/ent_coef_effective,544768,0.01729664020240307
decay,train/ent_coef_effective,548864,0.017276160418987274
decay,train/ent_coef_effective,552960,0.01725568063557148
decay,train/ent_coef_effective,557056,0.017235200852155685
decay,train/ent_coef_effective,561152,0.017214719206094742
decay,train/ent_coef_effective,565248,0.017194239422678947
decay,train/ent_coef_effective,569344,0.017173759639263153
decay,train/ent_coef_effective,573440,0.01715327985584736
decay,train/ent_coef_effective,577536,0.017132800072431564
decay,train/ent_coef_effective,581632,0.01711232028901577
decay,train/ent_coef_effective,585728,0.017091840505599976
decay,train/ent_coef_effective,589824,0.01707136072218418
decay,train/ent_coef_effective,593920,0.017050879076123238
decay,train/ent_coef_effective,598016,0.017030399292707443
decay,train/ent_coef_effective,602112,0.01700991950929165
decay,train/ent_coef_effective,606208,0.016989439725875854
decay,train/ent_coef_effective,610304,0.01696895994246006
decay,train/ent_coef_effective,614400,0.016948480159044266
decay,train/ent_coef_effective,618496,0.01692800037562847
decay,train/ent_coef_effective,622592,0.016907520592212677
decay,train/ent_coef_effective,626688,0.016887040808796883
decay,train/ent_coef_effective,630784,0.01686655916273594
decay,train/ent_coef_effective,634880,0.016846079379320145
decay,train/ent_coef_effective,638976,0.01682559959590435
decay,train/ent_coef_effective,643072,0.016805119812488556
decay,train/ent_coef_effective,647168,0.01678464002907276
decay,train/ent_coef_effective,651264,0.016764160245656967
decay,train/ent_coef_effective,655360,0.016743680462241173
decay,train/ent_coef_effective,659456,0.01672320067882538
decay,train/ent_coef_effective,663552,0.016702720895409584
decay,train/ent_coef_effective,667648,0.01668223924934864
decay,train/ent_coef_effective,671744,0.016661759465932846
decay,train/ent_coef_effective,675840,0.01664127968251705
decay,train/ent_coef_effective,679936,0.016620799899101257
decay,train/ent_coef_effective,684032,0.016600320115685463
decay,train/ent_coef_effective,688128,0.01657984033226967
decay,train/ent_coef_effective,692224,0.016559360548853874
decay,train/ent_coef_effective,696320,0.01653888076543808
decay,train/ent_coef_effective,700416,0.016518399119377136
decay,train/ent_coef_effective,704512,0.016497919335961342
decay,train/ent_coef_effective,708608,0.016477439552545547
decay,train/ent_coef_effective,712704,0.016456959769129753
decay,train/ent_coef_effective,716800,0.01643647998571396
decay,train/ent_coef_effective,720896,0.016416000202298164
decay,train/ent_coef_effective,724992,0.01639552041888237
decay,train/ent_coef_effective,729088,0.016375040635466576
decay,train/ent_coef_effective,733184,0.01635456085205078
decay,train/ent_coef_effective,737280,0.016334079205989838
decay,train/ent_coef_effective,741376,0.016313599422574043
decay,train/ent_coef_effective,745472,0.01629311963915825
decay,train/ent_coef_effective,749568,0.016272639855742455
decay,train/ent_coef_effective,753664,0.01625216007232666
decay,train/ent_coef_effective,757760,0.016231680288910866
decay,train/ent_coef_effective,761856,0.01621120050549507
decay,train/ent_coef_effective,765952,0.016190720722079277
decay,train/ent_coef_effective,770048,0.016170239076018333
decay,train/ent_coef_effective,774144,0.01614975929260254
decay,train/ent_coef_effective,778240,0.016129279509186745
decay,train/ent_coef_effective,782336,0.01610879972577095
decay,train/ent_coef_effective,786432,0.016088319942355156
decay,train/ent_coef_effective,790528,0.01606784015893936
decay,train/ent_coef_effective,794624,0.016047360375523567
decay,train/ent_coef_effective,798720,0.016026880592107773
decay,train/ent_coef_effective,802816,0.01600640080869198
decay,train/ent_coef_effective,806912,0.015985919162631035
decay,train/ent_coef_effective,811008,0.01596543937921524
decay,train/ent_coef_effective,815104,0.015944959595799446
decay,train/ent_coef_effective,819200,0.01592447981238365
decay,train/ent_coef_effective,823296,0.015904000028967857
decay,train/ent_coef_effective,827392,0.015883520245552063
decay,train/ent_coef_effective,831488,0.01586304046213627
decay,train/ent_coef_effective,835584,0.015842560678720474
decay,train/ent_coef_effective,839680,0.01582208089530468
decay,train/ent_coef_effective,843776,0.015801599249243736
decay,train/ent_coef_effective,847872,0.015781119465827942
decay,train/ent_coef_effective,851968,0.015760639682412148
decay,train/ent_coef_effective,856064,0.015740159898996353
decay,train/ent_coef_effective,860160,0.01571968011558056
decay,train/ent_coef_effective,864256,0.015699200332164764
decay,train/ent_coef_effective,868352,0.01567872054874897
decay,train/ent_coef_effective,872448,0.015658240765333176
decay,train/ent_coef_effective,876544,0.015637759119272232
decay,train/ent_coef_effective,880640,0.015617280267179012
decay,train/ent_coef_effective,884736,0.015596799552440643
decay,train/ent_coef_effective,888832,0.015576319769024849
decay,train/ent_coef_effective,892928,0.015555839985609055
decay,train/ent_coef_effective,897024,0.01553536020219326
decay,train/ent_coef_effective,901120,0.015514880418777466
decay,train/ent_coef_effective,905216,0.015494399704039097
decay,train/ent_coef_effective,909312,0.015473919920623302
decay,train/ent_coef_effective,913408,0.015453440137207508
decay,train/ent_coef_effective,917504,0.015432960353791714
decay,train/ent_coef_effective,921600,0.015412479639053345
decay,train/ent_coef_effective,925696,0.01539199985563755
decay,train/ent_coef_effective,929792,0.015371520072221756
decay,train/ent_coef_effective,933888,0.015351040288805962
decay,train/ent_coef_effective,937984,0.015330559574067593
decay,train/ent_coef_effective,942080,0.015310079790651798
decay,train/ent_coef_effective,946176,0.015289600007236004
decay,train/ent_coef_effective,950272,0.01526912022382021
decay,train/ent_coef_effective,954368,0.015248640440404415
decay,train/ent_coef_effective,958464,0.015228159725666046
decay,train/ent_coef_effective,962560,0.015207679942250252
decay,train/ent_coef_effective,966656,0.015187200158834457
decay,train/ent_coef_effective,970752,0.015166720375418663
decay,train/ent_coef_effective,974848,0.015146239660680294
decay,train/ent_coef_effective,978944,0.0151257598772645
decay,train/ent_coef_effective,983040,0.015105280093848705
decay,train/ent_coef_effective,987136,0.015084800310432911
decay,train/ent_coef_effective,991232,0.015064319595694542
decay,train/ent_coef_effective,995328,0.015043839812278748
decay,train/ent_coef_effective,999424,0.015023360028862953
decay,train/ent_coef_effective,1003520,0.015002880245447159
decay,train/ent_coef_effective,1007616,0.014982400462031364
decay,train/ent_coef_effective,1011712,0.014961919747292995
decay,train/ent_coef_effective,1015808,0.014941439963877201
decay,train/ent_coef_effective,1019904,0.014920960180461407
decay,train/ent_coef_effective,1024000,0.014900480397045612
decay,train/ent_coef_effective,1028096,0.014879999682307243
decay,train/ent_coef_effective,1032192,0.014859519898891449
decay,train/ent_coef_effective,1036288,0.014839040115475655
decay,train/ent_coef_effective,1040384,0.01481856033205986
decay,train/ent_coef_effective,1044480,0.014798079617321491
decay,train/ent_coef_effective,1048576,0.014777599833905697
decay,train/ent_coef_effective,1052672,0.014757120050489902
decay,train/ent_coef_effective,1056768,0.014736640267074108
decay,train/ent_coef_effective,1060864,0.01471615955233574
decay,train/ent_coef_effective,1064960,0.014695679768919945
decay,train/ent_coef_effective,1069056,0.01467519998550415
decay,train/ent_coef_effective,1073152,0.014654720202088356
decay,train/ent_coef_effective,1077248,0.014634240418672562
decay,train/ent_coef_effective,1081344,0.014613759703934193
decay,train/ent_coef_effective,1085440,0.014593279920518398
decay,train/ent_coef_effective,1089536,0.014572800137102604
decay,train/ent_coef_effective,1093632,0.01455232035368681
decay,train/ent_coef_effective,1097728,0.01453183963894844
decay,train/ent_coef_effective,1101824,0.014511359855532646
decay,train/ent_coef_effective,1105920,0.014490880072116852
decay,train/ent_coef_effective,1110016,0.014470400288701057
decay,train/ent_coef_effective,1114112,0.014449919573962688
decay,train/ent_coef_effective,1118208,0.014429439790546894
decay,train/ent_coef_effective,1122304,0.0144089600071311
decay,train/ent_coef_effective,1126400,0.014388480223715305
decay,train/ent_coef_effective,1130496,0.014368000440299511
decay,train/ent_coef_effective,1134592,0.014347519725561142
decay,train/ent_coef_effective,1138688,0.014327039942145348
decay,train/ent_coef_effective,1142784,0.014306560158729553
decay,train/ent_coef_effective,1146880,0.014286080375313759
decay,train/ent_coef_effective,1150976,0.01426559966057539
decay,train/ent_coef_effective,1155072,0.014245119877159595
decay,train/ent_coef_effective,1159168,0.014224640093743801
decay,train/ent_coef_effective,1163264,0.014204160310328007
decay,train/ent_coef_effective,1167360,0.014183679595589638
decay,train/ent_coef_effective,1171456,0.014163199812173843
decay,train/ent_coef_effective,1175552,0.014142720028758049
decay,train/ent_coef_effective,1179648,0.014122240245342255
decay,train/ent_coef_effective,1183744,0.01410176046192646
decay,train/ent_coef_effective,1187840,0.014081279747188091
decay,train/ent_coef_effective,1191936,0.014060799963772297
decay,train/ent_coef_effective,1196032,0.014040320180356503
decay,train/ent_coef_effective,1200128,0.014019840396940708
decay,train/ent_coef_effective,1204224,0.01399935968220234
decay,train/ent_coef_effective,1208320,0.013978879898786545
decay,train/ent_coef_effective,1212416,0.01395840011537075
decay,train/ent_coef_effective,1216512,0.013937920331954956
decay,train/ent_coef_effective,1220608,0.013917439617216587
decay,train/ent_coef_effective,1224704,0.013896959833800793
decay,train/ent_coef_effective,1228800,0.013876480050384998
decay,train/ent_coef_effective,1232896,0.013856000266969204
decay,train/ent_coef_effective,1236992,0.013835519552230835
decay,train/ent_coef_effective,1241088,0.01381503976881504
decay,train/ent_coef_effective,1245184,0.013794559985399246
decay,train/ent_coef_effective,1249280,0.013774080201983452
decay,train/ent_coef_effective,1253376,0.013753600418567657
decay,train/ent_coef_effective,1257472,0.013733119703829288
decay,train/ent_coef_effective,1261568,0.013712639920413494
decay,train/ent_coef_effective,1265664,0.0136921601369977
decay,train/ent_coef_effective,1269760,0.013671680353581905
decay,train/ent_coef_effective,1273856,0.013651199638843536
decay,train/ent_coef_effective,1277952,0.013630719855427742
decay,train/ent_coef_effective,1282048,0.013610240072011948
decay,train/ent_coef_effective,1286144,0.013589760288596153
decay,train/ent_coef_effective,1290240,0.013569279573857784
decay,train/ent_coef_effective,1294336,0.01354879979044199
decay,train/ent_coef_effective,1298432,0.013528320007026196
decay,train/ent_coef_effective,1302528,0.013507840223610401
decay,train/ent_coef_effective,1306624,0.013487360440194607
decay,train/ent_coef_effective,1310720,0.013466879725456238
decay,train/ent_coef_effective,1314816,0.013446399942040443
decay,train/ent_coef_effective,1318912,0.013425920158624649
decay,train/ent_coef_effective,1323008,0.013405440375208855
decay,train/ent_coef_effective,1327104,0.013384959660470486
decay,train/ent_coef_effective,1331200,0.013364479877054691
decay,train/ent_coef_effective,1335296,0.013344000093638897
decay,train/ent_coef_effective,1339392,0.013323520310223103
decay,train/ent_coef_effective,1343488,0.013303039595484734
decay,train/ent_coef_effective,1347584,0.01328255981206894
decay,train/ent_coef_effective,1351680,0.013262080028653145
decay,train/ent_coef_effective,1355776,0.01324160024523735
decay,train/ent_coef_effective,1359872,0.013221120461821556
decay,train/ent_coef_effective,1363968,0.013200639747083187
decay,train/ent_coef_effective,1368064,0.013180159963667393
decay,train/ent_coef_effective,1372160,0.013159680180251598
decay,train/ent_coef_effective,1376256,0.013139200396835804
decay,train/ent_coef_effective,1380352,0.013118719682097435
decay,train/ent_coef_effective,1384448,0.01309823989868164
decay,train/ent_coef_effective,1388544,0.013077760115265846
decay,train/ent_coef_effective,1392640,0.013057280331850052
decay,train/ent_coef_effective,1396736,0.013036799617111683
decay,train/ent_coef_effective,1400832,0.013016319833695889
decay,train/ent_coef_effective,1404928,0.012995840050280094
decay,train/ent_coef_effective,1409024,0.0129753602668643
decay,train/ent_coef_effective,1413120,0.01295487955212593
decay,train/ent_coef_effective,1417216,0.012934399768710136
decay,train/ent_coef_effective,1421312,0.012913919985294342
decay,train/ent_coef_effective,1425408,0.012893440201878548
decay,train/ent_coef_effective,1429504,0.012872960418462753
decay,train/ent_coef_effective,1433600,0.012852479703724384
decay,train/ent_coef_effective,1437696,0.01283199992030859
decay,train/ent_coef_effective,1441792,0.012811520136892796
decay,train/ent_coef_effective,1445888,0.012791040353477001
decay,train/ent_coef_effective,1449984,0.012770559638738632
decay,train/ent_coef_effective,1454080,0.012750079855322838
decay,train/ent_coef_effective,1458176,0.012729600071907043
decay,train/ent_coef_effective,1462272,0.012709120288491249
decay,train/ent_coef_effective,1466368,0.01268863957375288
decay,train/ent_coef_effective,1470464,0.012668159790337086
decay,train/ent_coef_effective,1474560,0.012647680006921291
decay,train/ent_coef_effective,1478656,0.012627200223505497
decay,train/ent_coef_effective,1482752,0.012606720440089703
decay,train/ent_coef_effective,1486848,0.012586239725351334
decay,train/ent_coef_effective,1490944,0.01256575994193554
decay,train/ent_coef_effective,1495040,0.012545280158519745
decay,train/ent_coef_effective,1499136,0.01252480037510395
decay,train/ent_coef_effective,1503232,0.012504319660365582
decay,train/ent_coef_effective,1507328,0.012483839876949787
decay,train/ent_coef_effective,1511424,0.012463360093533993
decay,train/ent_coef_effective,1515520,0.012442880310118198
decay,train/ent_coef_effective,1519616,0.01242239959537983
decay,train/ent_coef_effective,1523712,0.012401919811964035
decay,train/ent_coef_effective,1527808,0.01238144002854824
decay,train/ent_coef_effective,1531904,0.012360960245132446
decay,train/ent_coef_effective,1536000,0.012340480461716652
decay,train/ent_coef_effective,1540096,0.012319999746978283
decay,train/ent_coef_effective,1544192,0.012299519963562489
decay,train/ent_coef_effective,1548288,0.012279040180146694
decay,train/ent_coef_effective,1552384,0.0122585603967309
decay,train/ent_coef_effective,1556480,0.01223807968199253
decay,train/ent_coef_effective,1560576,0.012217599898576736
decay,train/ent_coef_effective,1564672,0.012197120115160942
decay,train/ent_coef_effective,1568768,0.012176640331745148
decay,train/ent_coef_effective,1572864,0.012156159617006779
decay,train/ent_coef_effective,1576960,0.012135679833590984
decay,train/ent_coef_effective,1581056,0.01211520005017519
decay,train/ent_coef_effective,1585152,0.012094720266759396
decay,train/ent_coef_effective,1589248,0.012074239552021027
decay,train/ent_coef_effective,1593344,0.012053759768605232
decay,train/ent_coef_effective,1597440,0.012033279985189438
decay,train/ent_coef_effective,1601536,0.012012800201773643
decay,train/ent_coef_effective,1605632,0.011992320418357849
decay,train/ent_coef_effective,1609728,0.01197183970361948
decay,train/ent_coef_effective,1613824,0.011951359920203686
decay,train/ent_coef_effective,1617920,0.011930880136787891
decay,train/ent_coef_effective,1622016,0.011910400353372097
decay,train/ent_coef_effective,1626112,0.011889919638633728
decay,train/ent_coef_effective,1630208,0.011869439855217934
decay,train/ent_coef_effective,1634304,0.01184896007180214
decay,train/ent_coef_effective,1638400,0.011828480288386345
decay,train/ent_coef_effective,1642496,0.011807999573647976
decay,train/ent_coef_effective,1646592,0.011787519790232182
decay,train/ent_coef_effective,1650688,0.011767040006816387
decay,train/ent_coef_effective,1654784,0.011746560223400593
decay,train/ent_coef_effective,1658880,0.011726080439984798
decay,train/ent_coef_effective,1662976,0.01170559972524643
decay,train/ent_coef_effective,1667072,0.011685119941830635
decay,train/ent_coef_effective,1671168,0.01166464015841484
decay,train/ent_coef_effective,1675264,0.011644160374999046
decay,train/ent_coef_effective,1679360,0.011623679660260677
decay,train/ent_coef_effective,1683456,0.011603199876844883
decay,train/ent_coef_effective,1687552,0.011582720093429089
decay,train/ent_coef_effective,1691648,0.011562240310013294
decay,train/ent_coef_effective,1695744,0.011541759595274925
decay,train/ent_coef_effective,1699840,0.01152127981185913
decay,train/ent_coef_effective,1703936,0.011500800028443336
decay,train/ent_coef_effective,1708032,0.011480320245027542
decay,train/ent_coef_effective,1712128,0.011459840461611748
decay,train/ent_coef_effective,1716224,0.011439359746873379
decay,train/ent_coef_effective,1720320,0.011418879963457584
decay,train/ent_coef_effective,1724416,0.01139840018004179
decay,train/ent_coef_effective,1728512,0.011377920396625996
decay,train/ent_coef_effective,1732608,0.011357439681887627
decay,train/ent_coef_effective,1736704,0.011336959898471832
decay,train/ent_coef_effective,1740800,0.011316480115056038
decay,train/ent_coef_effective,1744896,0.011296000331640244
decay,train/ent_coef_effective,1748992,0.011275519616901875
decay,train/ent_coef_effective,1753088,0.01125503983348608
decay,train/ent_coef_effective,1757184,0.011234560050070286
decay,train/ent_coef_effective,1761280,0.011214080266654491
decay,train/ent_coef_effective,1765376,0.011193599551916122
decay,train/ent_coef_effective,1769472,0.011173119768500328
decay,train/ent_coef_effective,1773568,0.011152639985084534
decay,train/ent_coef_effective,1777664,0.01113216020166874
decay,train/ent_coef_effective,1781760,0.011111680418252945
decay,train/ent_coef_effective,1785856,0.011091199703514576
decay,train/ent_coef_effective,1789952,0.011070719920098782
decay,train/ent_coef_effective,1794048,0.011050240136682987
decay,train/ent_coef_effective,1798144,0.011029760353267193
decay,train/ent_coef_effective,1802240,0.011009279638528824
decay,train/ent_coef_effective,1806336,0.01098879985511303
decay,train/ent_coef_effective,1810432,0.010968320071697235
decay,train/ent_coef_effective,1814528,0.01094784028828144
decay,train/ent_coef_effective,1818624,0.010927359573543072
decay,train/ent_coef_effective,1822720,0.010906879790127277
decay,train/ent_coef_effective,1826816,0.010886400006711483
decay,train/ent_coef_effective,1830912,0.010865920223295689
decay,train/ent_coef_effective,1835008,0.010845440439879894
decay,train/ent_coef_effective,1839104,0.010824959725141525
decay,train/ent_coef_effective,1843200,0.010804479941725731
decay,train/ent_coef_effective,1847296,0.010784000158309937
decay,train/ent_coef_effective,1851392,0.010763520374894142
decay,train/ent_coef_effective,1855488,0.010743039660155773
decay,train/ent_coef_effective,1859584,0.010722559876739979
decay,train/ent_coef_effective,1863680,0.010702080093324184
decay,train/ent_coef_effective,1867776,0.01068160030990839
decay,train/ent_coef_effective,1871872,0.010661119595170021
decay,train/ent_coef_effective,1875968,0.010640639811754227
decay,train/ent_coef_effective,1880064,0.010620160028338432
decay,train/ent_coef_effective,1884160,0.010599680244922638
decay,train/ent_coef_effective,1888256,0.010579200461506844
decay,train/ent_coef_effective,1892352,0.010558719746768475
decay,train/ent_coef_effective,1896448,0.01053823996335268
decay,train/ent_coef_effective,1900544,0.010517760179936886
decay,train/ent_coef_effective,1904640,0.010497280396521091
decay,train/ent_coef_effective,1908736,0.010476799681782722
decay,train/ent_coef_effective,1912832,0.010456319898366928
decay,train/ent_coef_effective,1916928,0.010435840114951134
decay,train/ent_coef_effective,1921024,0.01041536033153534
decay,train/ent_coef_effective,1925120,0.01039487961679697
decay,train/ent_coef_effective,1929216,0.010374399833381176
decay,train/ent_coef_effective,1933312,0.010353920049965382
decay,train/ent_coef_effective,1937408,0.010333440266549587
decay,train/ent_coef_effective,1941504,0.010312959551811218
decay,train/ent_coef_effective,1945600,0.010292479768395424
decay,train/ent_coef_effective,1949696,0.01027199998497963
decay,train/ent_coef_effective,1953792,0.010251520201563835
decay,train/ent_coef_effective,1957888,0.01023104041814804
decay,train/ent_coef_effective,1961984,0.010210559703409672
decay,train/ent_coef_effective,1966080,0.010190079919993877
decay,train/ent_coef_effective,1970176,0.010169600136578083
decay,train/ent_coef_effective,1974272,0.010149120353162289
decay,train/ent_coef_effective,1978368,0.01012863963842392
decay,train/ent_coef_effective,1982464,0.010108159855008125
decay,train/ent_coef_effective,1986560,0.010087680071592331
decay,train/ent_coef_effective,1990656,0.010067200288176537
decay,train/ent_coef_effective,1994752,0.010046719573438168
decay,train/ent_coef_effective,1998848,0.010026239790022373
decay,train/ent_coef_effective,2002944,0.010005760006606579
decay,train/ent_coef_effective,2007040,0.009985280223190784
decay,train/ent_coef_effective,2011136,0.00996480043977499
decay,train/ent_coef_effective,2015232,0.009944319725036621
decay,train/ent_coef_effective,2019328,0.009923839941620827
decay,train/ent_coef_effective,2023424,0.009903360158205032
decay,train/ent_coef_effective,2027520,0.009882880374789238
decay,train/ent_coef_effective,2031616,0.009862399660050869
decay,train/ent_coef_effective,2035712,0.009841919876635075
decay,train/ent_coef_effective,2039808,0.00982144009321928
decay,train/ent_coef_effective,2043904,0.009800960309803486
decay,train/ent_coef_effective,2048000,0.009780479595065117
decay,train/ent_coef_effective,2052096,0.009759999811649323
decay,train/ent_coef_effective,2056192,0.009739520028233528
decay,train/ent_coef_effective,2060288,0.009719040244817734
decay,train/ent_coef_effective,2064384,0.00969856046140194
decay,train/ent_coef_effective,2068480,0.00967807974666357
decay,train/ent_coef_effective,2072576,0.009657599963247776
decay,train/ent_coef_effective,2076672,0.009637120179831982
decay,train/ent_coef_effective,2080768,0.009616640396416187
decay,train/ent_coef_effective,2084864,0.009596159681677818
decay,train/ent_coef_effective,2088960,0.009575679898262024
decay,train/ent_coef_effective,2093056,0.00955520011484623
decay,train/ent_coef_effective,2097152,0.009534720331430435
decay,train/ent_coef_effective,2101248,0.009514239616692066
decay,train/ent_coef_effective,2105344,0.009493759833276272
decay,train/ent_coef_effective,2109440,0.009473280049860477
decay,train/ent_coef_effective,2113536,0.009452800266444683
decay,train/ent_coef_effective,2117632,0.009432319551706314
decay,train/ent_coef_effective,2121728,0.00941183976829052
decay,train/ent_coef_effective,2125824,0.009391359984874725
decay,train/ent_coef_effective,2129920,0.009370880201458931
decay,train/ent_coef_effective,2134016,0.009350400418043137
decay,train/ent_coef_effective,2138112,0.009329919703304768
decay,train/ent_coef_effective,2142208,0.009309439919888973
decay,train/ent_coef_effective,2146304,0.009288960136473179
decay,train/ent_coef_effective,2150400,0.009268480353057384
decay,train/ent_coef_effective,2154496,0.009247999638319016
decay,train/ent_coef_effective,2158592,0.009227519854903221
decay,train/ent_coef_effective,2162688,0.009207040071487427
decay,train/ent_coef_effective,2166784,0.009186560288071632
decay,train/ent_coef_effective,2170880,0.009166079573333263
decay,train/ent_coef_effective,2174976,0.009145599789917469
decay,train/ent_coef_effective,2179072,0.009125120006501675
decay,train/ent_coef_effective,2183168,0.00910464022308588
decay,train/ent_coef_effective,2187264,0.009084160439670086
decay,train/ent_coef_effective,2191360,0.009063679724931717
decay,train/ent_coef_effective,2195456,0.009043199941515923
decay,train/ent_coef_effective,2199552,0.009022720158100128
decay,train/ent_coef_effective,2203648,0.009002240374684334
decay,train/ent_coef_effective,2207744,0.008981759659945965
decay,train/ent_coef_effective,2211840,0.00896127987653017
decay,train/ent_coef_effective,2215936,0.008940800093114376
decay,train/ent_coef_effective,2220032,0.008920320309698582
decay,train/ent_coef_effective,2224128,0.008899839594960213
decay,train/ent_coef_effective,2228224,0.008879359811544418
decay,train/ent_coef_effective,2232320,0.008858880028128624
decay,train/ent_coef_effective,2236416,0.00883840024471283
decay,train/ent_coef_effective,2240512,0.008817920461297035
decay,train/ent_coef_effective,2244608,0.008797439746558666
decay,train/ent_coef_effective,2248704,0.008776959963142872
decay,train/ent_coef_effective,2252800,0.008756480179727077
decay,train/ent_coef_effective,2256896,0.008736000396311283
decay,train/ent_coef_effective,2260992,0.008715519681572914
decay,train/ent_coef_effective,2265088,0.00869503989815712
decay,train/ent_coef_effective,2269184,0.008674560114741325
decay,train/ent_coef_effective,2273280,0.008654080331325531
decay,train/ent_coef_effective,2277376,0.008633599616587162
decay,train/ent_coef_effective,2281472,0.008613119833171368
decay,train/ent_coef_effective,2285568,0.008592640049755573
decay,train/ent_coef_effective,2289664,0.008572160266339779
decay,train/ent_coef_effective,2293760,0.00855167955160141
decay,train/ent_coef_effective,2297856,0.008531199768185616
decay,train/ent_coef_effective,2301952,0.008510719984769821
decay,train/ent_coef_effective,2306048,0.008490240201354027
decay,train/ent_coef_effective,2310144,0.008469760417938232
decay,train/ent_coef_effective,2314240,0.008449279703199863
decay,train/ent_coef_effective,2318336,0.008428799919784069
decay,train/ent_coef_effective,2322432,0.008408320136368275
decay,train/ent_coef_effective,2326528,0.00838784035295248
decay,train/ent_coef_effective,2330624,0.008367359638214111
decay,train/ent_coef_effective,2334720,0.008346879854798317
decay,train/ent_coef_effective,2338816,0.008326400071382523
decay,train/ent_coef_effective,2342912,0.008305920287966728
decay,train/ent_coef_effective,2347008,0.00828543957322836
decay,train/ent_coef_effective,2351104,0.008264959789812565
decay,train/ent_coef_effective,2355200,0.00824448000639677
decay,train/ent_coef_effective,2359296,0.008224000222980976
decay,train/ent_coef_effective,2363392,0.008203520439565182
decay,train/ent_coef_effective,2367488,0.008183039724826813
decay,train/ent_coef_effective,2371584,0.008162559941411018
decay,train/ent_coef_effective,2375680,0.008142080157995224
decay,train/ent_coef_effective,2379776,0.00812160037457943
decay,train/ent_coef_effective,2383872,0.00810111965984106
decay,train/ent_coef_effective,2387968,0.008080639876425266
decay,train/ent_coef_effective,2392064,0.008060160093009472
decay,train/ent_coef_effective,2396160,0.008039680309593678
decay,train/ent_coef_effective,2400256,0.008019199594855309
decay,train/ent_coef_effective,2404352,0.007998719811439514
decay,train/ent_coef_effective,2408448,0.00797824002802372
decay,train/ent_coef_effective,2412544,0.007957760244607925
decay,train/ent_coef_effective,2416640,0.007937280461192131
decay,train/ent_coef_effective,2420736,0.007916799746453762
decay,train/ent_coef_effective,2424832,0.007896319963037968
decay,train/ent_coef_effective,2428928,0.007875840179622173
decay,train/ent_coef_effective,2433024,0.007855360396206379
decay,train/ent_coef_effective,2437120,0.00783487968146801
decay,train/ent_coef_effective,2441216,0.007814399898052216
decay,train/ent_coef_effective,2445312,0.007793920114636421
decay,train/ent_coef_effective,2449408,0.0077734398655593395
decay,train/ent_coef_effective,2453504,0.007752960082143545
decay,train/ent_coef_effective,2457600,0.0077324798330664635
decay,train/ent_coef_effective,2461696,0.007712000049650669
decay,train/ent_coef_effective,2465792,0.007691519800573587
decay,train/ent_coef_effective,2469888,0.007671040017157793
decay,train/ent_coef_effective,2473984,0.007650559768080711
decay,train/ent_coef_effective,2478080,0.007630079984664917
decay,train/ent_coef_effective,2482176,0.007609600201249123
decay,train/ent_coef_effective,2486272,0.007589119952172041
decay,train/ent_coef_effective,2490368,0.007568640168756247
decay,train/ent_coef_effective,2494464,0.007548159919679165
decay,train/ent_coef_effective,2498560,0.0075276801362633705
decay,train/ent_coef_effective,2502656,0.007507199887186289
decay,train/ent_coef_effective,2506752,0.0074867201037704945
decay,train/ent_coef_effective,2510848,0.007466239854693413
decay,train/ent_coef_effective,2514944,0.007445760071277618
decay,train/ent_coef_effective,2519040,0.007425279822200537
decay,train/ent_coef_effective,2523136,0.007404800038784742
decay,train/ent_coef_effective,2527232,0.007384319789707661
decay,train/ent_coef_effective,2531328,0.007363840006291866
decay,train/ent_coef_effective,2535424,0.007343360222876072
decay,train/ent_coef_effective,2539520,0.00732287997379899
decay,train/ent_coef_effective,2543616,0.007302400190383196
decay,train/ent_coef_effective,2547712,0.007281919941306114
decay,train/ent_coef_effective,2551808,0.00726144015789032
decay,train/ent_coef_effective,2555904,0.007240959908813238
decay,train/ent_coef_effective,2560000,0.007220480125397444
decay,train/ent_coef_effective,2564096,0.007199999876320362
decay,train/ent_coef_effective,2568192,0.007179520092904568
decay,train/ent_coef_effective,2572288,0.007159039843827486
decay,train/ent_coef_effective,2576384,0.007138560060411692
decay,train/ent_coef_effective,2580480,0.00711807981133461
decay,train/ent_coef_effective,2584576,0.007097600027918816
decay,train/ent_coef_effective,2588672,0.007077119778841734
decay,train/ent_coef_effective,2592768,0.0070566399954259396
decay,train/ent_coef_effective,2596864,0.007036160212010145
decay,train/ent_coef_effective,2600960,0.0070156799629330635
decay,train/ent_coef_effective,2605056,0.006995200179517269
decay,train/ent_coef_effective,2609152,0.0069747199304401875
decay,train/ent_coef_effective,2613248,0.006954240147024393
decay,train/ent_coef_effective,2617344,0.006933759897947311
decay,train/ent_coef_effective,2621440,0.006913280114531517
decay,train/ent_coef_effective,2625536,0.006892799865454435
decay,train/ent_coef_effective,2629632,0.006872320082038641
decay,train/ent_coef_effective,2633728,0.006851839832961559
decay,train/ent_coef_effective,2637824,0.006831360049545765
decay,train/ent_coef_effective,2641920,0.006810879800468683
decay,train/ent_coef_effective,2646016,0.006790400017052889
decay,train/ent_coef_effective,2650112,0.006769919767975807
decay,train/ent_coef_effective,2654208,0.006749439984560013
decay,train/ent_coef_effective,2658304,0.0067289602011442184
decay,train/ent_coef_effective,2662400,0.006708479952067137
decay,train/ent_coef_effective,2666496,0.006688000168651342
decay,train/ent_coef_effective,2670592,0.006667519919574261
decay,train/ent_coef_effective,2674688,0.006647040136158466
decay,train/ent_coef_effective,2678784,0.006626559887081385
decay,train/ent_coef_effective,2682880,0.00660608010366559
decay,train/ent_coef_effective,2686976,0.006585599854588509
decay,train/ent_coef_effective,2691072,0.006565120071172714
decay,train/ent_coef_effective,2695168,0.0065446398220956326
decay,train/ent_coef_effective,2699264,0.006524160038679838
decay,train/ent_coef_effective,2703360,0.0065036797896027565
decay,train/ent_coef_effective,2707456,0.006483200006186962
decay,train/ent_coef_effective,2711552,0.006462720222771168
decay,train/ent_coef_effective,2715648,0.006442239973694086
decay,train/ent_coef_effective,2719744,0.006421760190278292
decay,train/ent_coef_effective,2723840,0.00640127994120121
decay,train/ent_coef_effective,2727936,0.006380800157785416
decay,train/ent_coef_effective,2732032,0.006360319908708334
decay,train/ent_coef_effective,2736128,0.00633984012529254
decay,train/ent_coef_effective,2740224,0.006319359876215458
decay,train/ent_coef_effective,2744320,0.0062988800927996635
decay,train/ent_coef_effective,2748416,0.006278399843722582
decay,train/ent_coef_effective,2752512,0.0062579200603067875
decay,train/ent_coef_effective,2756608,0.006237439811229706
decay,train/ent_coef_effective,2760704,0.0062169600278139114
decay,train/ent_coef_effective,2764800,0.00619647977873683
decay,train/ent_coef_effective,2768896,0.006175999995321035
decay,train/ent_coef_effective,2772992,0.006155520211905241
decay,train/ent_coef_effective,2777088,0.006135039962828159
decay,train/ent_coef_effective,2781184,0.006114560179412365
decay,train/ent_coef_effective,2785280,0.006094079930335283
decay,train/ent_coef_effective,2789376,0.006073600146919489
decay,train/ent_coef_effective,2793472,0.006053119897842407
decay,train/ent_coef_effective,2797568,0.006032640114426613
decay,train/ent_coef_effective,2801664,0.006012159865349531
decay,train/ent_coef_effective,2805760,0.005991680081933737
decay,train/ent_coef_effective,2809856,0.005971199832856655
decay,train/ent_coef_effective,2813952,0.005950720049440861
decay,train/ent_coef_effective,2818048,0.005930239800363779
decay,train/ent_coef_effective,2822144,0.005909760016947985
decay,train/ent_coef_effective,2826240,0.005889279767870903
decay,train/ent_coef_effective,2830336,0.005868799984455109
decay,train/ent_coef_effective,2834432,0.005848320201039314
decay,train/ent_coef_effective,2838528,0.005827839951962233
decay,train/ent_coef_effective,2842624,0.005807360168546438
decay,train/ent_coef_effective,2846720,0.0057868799194693565
decay,train/ent_coef_effective,2850816,0.005766400136053562
decay,train/ent_coef_effective,2854912,0.0057459198869764805
decay,train/ent_coef_effective,2859008,0.005725440103560686
decay,train/ent_coef_effective,2863104,0.005704959854483604
decay,train/ent_coef_effective,2867200,0.00568448007106781
decay,train/ent_coef_effective,2871296,0.005663999821990728
decay,train/ent_coef_effective,2875392,0.005643520038574934
decay,train/ent_coef_effective,2879488,0.005623039789497852
decay,train/ent_coef_effective,2883584,0.005602560006082058
decay,train/ent_coef_effective,2887680,0.005582080222666264
decay,train/ent_coef_effective,2891776,0.005561599973589182
decay,train/ent_coef_effective,2895872,0.0055411201901733875
decay,train/ent_coef_effective,2899968,0.005520639941096306
decay,train/ent_coef_effective,2904064,0.0055001601576805115
decay,train/ent_coef_effective,2908160,0.00547967990860343
decay,train/ent_coef_effective,2912256,0.005459200125187635
decay,train/ent_coef_effective,2916352,0.005438719876110554
decay,train/ent_coef_effective,2920448,0.005418240092694759
decay,train/ent_coef_effective,2924544,0.005397759843617678
decay,train/ent_coef_effective,2928640,0.005377280060201883
decay,train/ent_coef_effective,2932736,0.005356799811124802
decay,train/ent_coef_effective,2936832,0.005336320027709007
decay,train/ent_coef_effective,2940928,0.005315839778631926
decay,train/ent_coef_effective,2945024,0.005295359995216131
decay,train/ent_coef_effective,2949120,0.005274880211800337
decay,train/ent_coef_effective,2953216,0.005254399962723255
decay,train/ent_coef_effective,2957312,0.005233920179307461
decay,train/ent_coef_effective,2961408,0.005213439930230379
decay,train/ent_coef_effective,2965504,0.005192960146814585
decay,train/ent_coef_effective,2969600,0.005172479897737503
decay,train/ent_coef_effective,2973696,0.005152000114321709
decay,train/ent_coef_effective,2977792,0.005131519865244627
decay,train/ent_coef_effective,2981888,0.005111040081828833
decay,train/ent_coef_effective,2985984,0.005090559832751751
decay,train/ent_coef_effective,2990080,0.005070080049335957
decay,train/ent_coef_effective,2994176,0.005049599800258875
decay,train/ent_coef_effective,2998272,0.0050291200168430805
decay,train/ent_coef_effective,3002368,0.005008639767765999
decay,train/ent_coef_effective,3006464,0.004999999888241291
decay,train/ent_coef_effective,3010560,0.004999999888241291
decay,train/ent_coef_effective,3014656,0.004999999888241291
decay,train/ent_coef_effective,3018752,0.004999999888241291
decay,train/ent_coef_effective,3022848,0.004999999888241291
decay,train/ent_coef_effective,3026944,0.004999999888241291
decay,train/ent_coef_effective,3031040,0.004999999888241291
decay,train/ent_coef_effective,3035136,0.004999999888241291
decay,train/ent_coef_effective,3039232,0.004999999888241291
decay,train/ent_coef_effective,3043328,0.004999999888241291
decay,train/ent_coef_effective,3047424,0.004999999888241291
decay,train/approx_kl,8192,0.007572302594780922
decay,train/approx_kl,12288,0.0029174508526921272
decay,train/approx_kl,16384,0.0035857853945344687
decay,train/approx_kl,20480,0.0032577812671661377
decay,train/approx_kl,24576,0.002950319554656744
decay,train/approx_kl,28672,0.0034594926983118057
decay,train/approx_kl,32768,0.002319012302905321
decay,train/approx_kl,36864,0.0027202419005334377
decay,train/approx_kl,40960,0.002332109259441495
decay,train/approx_kl,45056,0.00176068558357656
decay,train/approx_kl,49152,0.003960072062909603
decay,train/approx_kl,53248,0.0019221871625632048
decay,train/approx_kl,57344,0.003002396086230874
decay,train/approx_kl,61440,0.0018202855717390776
decay,train/approx_kl,65536,0.0015942949103191495
decay,train/approx_kl,69632,0.0020540598779916763
decay,train/approx_kl,73728,0.002455596812069416
decay,train/approx_kl,77824,0.0032664770260453224
decay,train/approx_kl,81920,0.0014483676059171557
decay,train/approx_kl,86016,0.0018809237517416477
decay,train/approx_kl,90112,0.002737778704613447
decay,train/approx_kl,94208,0.002193355467170477
decay,train/approx_kl,98304,0.0019000155152752995
decay,train/approx_kl,102400,0.0017659720033407211
decay,train/approx_kl,106496,0.0012221797369420528
decay,train/approx_kl,110592,0.0019543925300240517
decay,train/approx_kl,114688,0.0035381847992539406
decay,train/approx_kl,118784,0.0013944704551249743
decay,train/approx_kl,122880,0.002008231356739998
decay,train/approx_kl,126976,0.0015908773057162762
decay,train/approx_kl,131072,0.0018467736663296819
decay,train/approx_kl,135168,0.002220798283815384
decay,train/approx_kl,139264,0.0024005493614822626
decay,train/approx_kl,143360,0.0010789628140628338
decay,train/approx_kl,147456,0.001568338950164616
decay,train/approx_kl,151552,0.003180327359586954
decay,train/approx_kl,155648,0.0023006375413388014
decay,train/approx_kl,159744,0.0015792157500982285
decay,train/approx_kl,163840,0.0034067227970808744
decay,train/approx_kl,167936,0.0013026650995016098
decay,train/approx_kl,172032,0.001459956751205027
decay,train/approx_kl,176128,0.0020367992110550404
decay,train/approx_kl,180224,0.0030916323885321617
decay,train/approx_kl,184320,0.003820151789113879
decay,train/approx_kl,188416,0.0016582193784415722
decay,train/approx_kl,192512,0.0017755611333996058
decay,train/approx_kl,196608,0.0014431533636525273
decay,train/approx_kl,200704,0.0017990086926147342
decay,train/approx_kl,204800,0.0026811049319803715
decay,train/approx_kl,208896,0.0034299776889383793
decay,train/approx_kl,212992,0.0031968681141734123
decay,train/approx_kl,217088,0.0015079225413501263
decay,train/approx_kl,221184,0.0014080405235290527
decay,train/approx_kl,225280,0.0018081986345350742
decay,train/approx_kl,229376,0.0028662567492574453
decay,train/approx_kl,233472,0.0019953474402427673
decay,train/approx_kl,237568,0.00201544351875782
decay,train/approx_kl,241664,0.0020830135326832533
decay,train/approx_kl,245760,0.001277430448681116
decay,train/approx_kl,249856,0.0027099838480353355
decay,train/approx_kl,253952,0.0020243129692971706
decay,train/approx_kl,262144,0.0026348279789090157
decay,train/approx_kl,266240,0.0020396558102220297
decay,train/approx_kl,270336,0.0019999307114630938
decay,train/approx_kl,274432,0.002250264398753643
decay,train/approx_kl,278528,0.0016929046250879765
decay,train/approx_kl,282624,0.0021570753306150436
decay,train/approx_kl,286720,0.0026590670458972454
decay,train/approx_kl,290816,0.0018907079938799143
decay,train/approx_kl,294912,0.0019521935610100627
decay,train/approx_kl,299008,0.001442599343135953
decay,train/approx_kl,303104,0.0014440924860537052
decay,train/approx_kl,307200,0.001925069373100996
decay,train/approx_kl,311296,0.0029256439302116632
decay,train/approx_kl,315392,0.0015928610228002071
decay,train/approx_kl,319488,0.0017209663055837154
decay,train/approx_kl,323584,0.0011867221910506487
decay,train/approx_kl,327680,0.0015471496153622866
decay,train/approx_kl,331776,0.0025730901397764683
decay,train/approx_kl,335872,0.0011454641353338957
decay,train/approx_kl,339968,0.002221758011728525
decay,train/approx_kl,344064,0.001235071336850524
decay,train/approx_kl,348160,0.0022540376521646976
decay,train/approx_kl,352256,0.001935334294103086
decay,train/approx_kl,356352,0.0021377813536673784
decay,train/approx_kl,360448,0.001864615478552878
decay,train/approx_kl,364544,0.0015077716670930386
decay,train/approx_kl,368640,0.0014940275577828288
decay,train/approx_kl,372736,0.001582939992658794
decay,train/approx_kl,376832,0.0019882265478372574
decay,train/approx_kl,380928,0.0018204175867140293
decay,train/approx_kl,385024,0.0019217237131670117
decay,train/approx_kl,389120,0.0029229046776890755
decay,train/approx_kl,393216,0.0016196570359170437
decay,train/approx_kl,397312,0.0019797300919890404
decay,train/approx_kl,401408,0.0022647464647889137
decay,train/approx_kl,405504,0.0021729967556893826
decay,train/approx_kl,409600,0.0017459297087043524
decay,train/approx_kl,413696,0.0018797318916767836
decay,train/approx_kl,417792,0.0017573466757312417
decay,train/approx_kl,421888,0.0015414843801409006
decay,train/approx_kl,425984,0.003184717148542404
decay,train/approx_kl,430080,0.003153989091515541
decay,train/approx_kl,434176,0.0031993479933589697
decay,train/approx_kl,438272,0.002597905695438385
decay,train/approx_kl,442368,0.0025001107715070248
decay,train/approx_kl,446464,0.0013448812533169985
decay,train/approx_kl,450560,0.0017845919355750084
decay,train/approx_kl,454656,0.0019563292153179646
decay,train/approx_kl,458752,0.002135968767106533
decay,train/approx_kl,462848,0.0021751439198851585
decay,train/approx_kl,466944,0.002182314172387123
decay,train/approx_kl,471040,0.0035154768265783787
decay,train/approx_kl,475136,0.0021736728958785534
decay,train/approx_kl,479232,0.0013387673534452915
decay,train/approx_kl,483328,0.002513268729671836
decay,train/approx_kl,487424,0.00235871784389019
decay,train/approx_kl,491520,0.0019715032540261745
decay,train/approx_kl,495616,0.0023792043793946505
decay,train/approx_kl,499712,0.0031026434153318405
decay,train/approx_kl,503808,0.0017909337766468525
decay,train/approx_kl,507904,0.0015523995971307158
decay,train/approx_kl,516096,0.0018337988294661045
decay,train/approx_kl,520192,0.0033241966739296913
decay,train/approx_kl,524288,0.002047862857580185
decay,train/approx_kl,528384,0.0012422194704413414
decay,train/approx_kl,532480,0.0021684085950255394
decay,train/approx_kl,536576,0.0013562513049691916
decay,train/approx_kl,540672,0.002227741526439786
decay,train/approx_kl,544768,0.005463713780045509
decay,train/approx_kl,548864,0.0026352363638579845
decay,train/approx_kl,552960,0.002780504524707794
decay,train/approx_kl,557056,0.004328399430960417
decay,train/approx_kl,561152,0.0013916369061917067
decay,train/approx_kl,565248,0.0017413566820323467
decay,train/approx_kl,569344,0.0018700347281992435
decay,train/approx_kl,573440,0.002719924319535494
decay,train/approx_kl,577536,0.002989033702760935
decay,train/approx_kl,581632,0.0022537019103765488
decay,train/approx_kl,585728,0.002506256103515625
decay,train/approx_kl,589824,0.0034948824904859066
decay,train/approx_kl,593920,0.002097827149555087
decay,train/approx_kl,598016,0.002254628110677004
decay,train/approx_kl,602112,0.0015867979964241385
decay,train/approx_kl,606208,0.0024655000306665897
decay,train/approx_kl,610304,0.0024156600702553988
decay,train/approx_kl,614400,0.0012629511766135693
decay,train/approx_kl,618496,0.0010441276244819164
decay,train/approx_kl,622592,0.0030051132198423147
decay,train/approx_kl,626688,0.0018222134094685316
decay,train/approx_kl,630784,0.0016842689365148544
decay,train/approx_kl,634880,0.002022910164669156
decay,train/approx_kl,638976,0.0023598414845764637
decay,train/approx_kl,643072,0.0013457122258841991
decay,train/approx_kl,647168,0.0026835636235773563
decay,train/approx_kl,651264,0.002315964549779892
decay,train/approx_kl,655360,0.0011360534699633718
decay,train/approx_kl,659456,0.001984700560569763
decay,train/approx_kl,663552,0.001514581497758627
decay,train/approx_kl,667648,0.0024794023483991623
decay,train/approx_kl,671744,0.0035093515180051327
decay,train/approx_kl,675840,0.0034782050643116236
decay,train/approx_kl,679936,0.0030535664409399033
decay,train/approx_kl,684032,0.001374164829030633
decay,train/approx_kl,688128,0.0022730212658643723
decay,train/approx_kl,692224,0.002285837195813656
decay,train/approx_kl,696320,0.002493196167051792
decay,train/approx_kl,700416,0.00254161492921412
decay,train/approx_kl,704512,0.0019009836250916123
decay,train/approx_kl,708608,0.0014418950304389
decay,train/approx_kl,712704,0.0015140135074034333
decay,train/approx_kl,716800,0.0020325593650341034
decay,train/approx_kl,720896,0.0015921428566798568
decay,train/approx_kl,724992,0.0018823824357241392
decay,train/approx_kl,729088,0.002193246968090534
decay,train/approx_kl,733184,0.002544302958995104
decay,train/approx_kl,737280,0.001724857371300459
decay,train/approx_kl,741376,0.0033689665142446756
decay,train/approx_kl,745472,0.0017368461703881621
decay,train/approx_kl,749568,0.0019993241876363754
decay,train/approx_kl,753664,0.0016737250844016671
decay,train/approx_kl,757760,0.0011052133049815893
decay,train/approx_kl,761856,0.0018432493088766932
decay,train/approx_kl,770048,0.002695610746741295
decay,train/approx_kl,774144,0.0013368786312639713
decay,train/approx_kl,778240,0.002284366637468338
decay,train/approx_kl,782336,0.00246915640309453
decay,train/approx_kl,786432,0.0010573671897873282
decay,train/approx_kl,790528,0.0015683472156524658
decay,train/approx_kl,794624,0.0023811578284949064
decay,train/approx_kl,798720,0.0023097582161426544
decay,train/approx_kl,802816,0.0028471339028328657
decay,train/approx_kl,806912,0.0012244496028870344
decay,train/approx_kl,811008,0.0015798620879650116
decay,train/approx_kl,815104,0.001730776159092784
decay,train/approx_kl,819200,0.0021447998005896807
decay,train/approx_kl,823296,0.0008433440234512091
decay,train/approx_kl,827392,0.0014027596917003393
decay,train/approx_kl,831488,0.0022862141486257315
decay,train/approx_kl,835584,0.0024133818224072456
decay,train/approx_kl,839680,0.0022808907087892294
decay,train/approx_kl,843776,0.002209319965913892
decay,train/approx_kl,847872,0.001226954278536141
decay,train/approx_kl,851968,0.002628691028803587
decay,train/approx_kl,856064,0.0020732833072543144
decay,train/approx_kl,860160,0.0018595829606056213
decay,train/approx_kl,864256,0.001920057344250381
decay,train/approx_kl,868352,0.001345280441455543
decay,train/approx_kl,872448,0.0020271274261176586
decay,train/approx_kl,876544,0.003633268876001239
decay,train/approx_kl,880640,0.0024156328290700912
decay,train/approx_kl,884736,0.0015706317499279976
decay,train/approx_kl,888832,0.0015911376103758812
decay,train/approx_kl,892928,0.0024853991344571114
decay,train/approx_kl,897024,0.002079179510474205
decay,train/approx_kl,901120,0.0018848237814381719
decay,train/approx_kl,905216,0.0020443969406187534
decay,train/approx_kl,909312,0.0016404009656980634
decay,train/approx_kl,913408,0.00188094237819314
decay,train/approx_kl,917504,0.001986943418160081
decay,train/approx_kl,921600,0.0031974148005247116
decay,train/approx_kl,925696,0.002449602587148547
decay,train/approx_kl,929792,0.001482613617554307
decay,train/approx_kl,933888,0.0021394137293100357
decay,train/approx_kl,937984,0.0015839511761441827
decay,train/approx_kl,942080,0.001646726974286139
decay,train/approx_kl,946176,0.002533850260078907
decay,train/approx_kl,950272,0.0015918813878670335
decay,train/approx_kl,954368,0.0015046526677906513
decay,train/approx_kl,958464,0.0024399282410740852
decay,train/approx_kl,962560,0.0026381807401776314
decay,train/approx_kl,966656,0.0019904153887182474
decay,train/approx_kl,970752,0.003436896950006485
decay,train/approx_kl,974848,0.001663767034187913
decay,train/approx_kl,978944,0.0030778206419199705
decay,train/approx_kl,983040,0.0018557945732027292
decay,train/approx_kl,987136,0.0017697021830826998
decay,train/approx_kl,991232,0.0036178603768348694
decay,train/approx_kl,995328,0.001420309767127037
decay,train/approx_kl,999424,0.0016080231871455908
decay,train/approx_kl,1003520,0.0023469324223697186
decay,train/approx_kl,1007616,0.002978228498250246
decay,train/approx_kl,1011712,0.003839124459773302
decay,train/approx_kl,1015808,0.0018785560969263315
decay,train/approx_kl,1024000,0.0020330550614744425
decay,train/approx_kl,1028096,0.0017816043691709638
decay,train/approx_kl,1032192,0.002792877610772848
decay,train/approx_kl,1036288,0.0017295961733907461
decay,train/approx_kl,1040384,0.002265386749058962
decay,train/approx_kl,1044480,0.0018962554167956114
decay,train/approx_kl,1048576,0.001799865858629346
decay,train/approx_kl,1052672,0.0017550153424963355
decay,train/approx_kl,1056768,0.002954921219497919
decay,train/approx_kl,1060864,0.0018399012042209506
decay,train/approx_kl,1064960,0.0018525576451793313
decay,train/approx_kl,1069056,0.0014653499238193035
decay,train/approx_kl,1073152,0.0017858295468613505
decay,train/approx_kl,1077248,0.00153126020450145
decay,train/approx_kl,1081344,0.0014769448898732662
decay,train/approx_kl,1085440,0.0024100877344608307
decay,train/approx_kl,1089536,0.0013534028548747301
decay,train/approx_kl,1093632,0.0007931026630103588
decay,train/approx_kl,1097728,0.0017022868851199746
decay,train/approx_kl,1101824,0.002155038993805647
decay,train/approx_kl,1105920,0.0019606673158705235
decay,train/approx_kl,1110016,0.0022729625925421715
decay,train/approx_kl,1114112,0.0012134048156440258
decay,train/approx_kl,1118208,0.0018746124114841223
decay,train/approx_kl,1122304,0.0023004580289125443
decay,train/approx_kl,1126400,0.001501097227446735
decay,train/approx_kl,1130496,0.002369621302932501
decay,train/approx_kl,1134592,0.0015621841885149479
decay,train/approx_kl,1138688,0.0026373201981186867
decay,train/approx_kl,1142784,0.002311402466148138
decay,train/approx_kl,1146880,0.0019920039921998978
decay,train/approx_kl,1150976,0.0019335956312716007
decay,train/approx_kl,1155072,0.0010979970684275031
decay,train/approx_kl,1159168,0.0024330972228199244
decay,train/approx_kl,1163264,0.0016072355210781097
decay,train/approx_kl,1167360,0.0028534214943647385
decay,train/approx_kl,1171456,0.0015079020522534847
decay,train/approx_kl,1175552,0.0016205196734517813
decay,train/approx_kl,1179648,0.0014550911728292704
decay,train/approx_kl,1183744,0.001859219279140234
decay,train/approx_kl,1187840,0.0028169630095362663
decay,train/approx_kl,1191936,0.0031551620922982693
decay,train/approx_kl,1196032,0.002790160244330764
decay,train/approx_kl,1200128,0.0015095726121217012
decay,train/approx_kl,1204224,0.0030857594683766365
decay,train/approx_kl,1208320,0.0014871048042550683
decay,train/approx_kl,1212416,0.002774969208985567
decay,train/approx_kl,1216512,0.003320175688713789
decay,train/approx_kl,1220608,0.0012990261893719435
decay,train/approx_kl,1224704,0.002049623057246208
decay,train/approx_kl,1228800,0.0016552398446947336
decay,train/approx_kl,1232896,0.0013251270866021514
decay,train/approx_kl,1236992,0.0019541478250175714
decay,train/approx_kl,1241088,0.0016747066983953118
decay,train/approx_kl,1245184,0.0019759810529649258
decay,train/approx_kl,1249280,0.001681548310443759
decay,train/approx_kl,1253376,0.0022707032039761543
decay,train/approx_kl,1257472,0.0015394561924040318
decay,train/approx_kl,1261568,0.001963532529771328
decay,train/approx_kl,1265664,0.0020051924511790276
decay,train/approx_kl,1269760,0.0017620485741645098
decay,train/approx_kl,1277952,0.0017492094775661826
decay,train/approx_kl,1282048,0.0030266698449850082
decay,train/approx_kl,1286144,0.0015091358218342066
decay,train/approx_kl,1290240,0.0017152534564957023
decay,train/approx_kl,1294336,0.0017995559610426426
decay,train/approx_kl,1298432,0.0015318260993808508
decay,train/approx_kl,1302528,0.001565664424560964
decay,train/approx_kl,1306624,0.0016021939227357507
decay,train/approx_kl,1310720,0.0013568094000220299
decay,train/approx_kl,1314816,0.0019161037635058165
decay,train/approx_kl,1318912,0.0016159858787432313
decay,train/approx_kl,1323008,0.002139258198440075
decay,train/approx_kl,1327104,0.0012239606585353613
decay,train/approx_kl,1331200,0.002406013896688819
decay,train/approx_kl,1335296,0.002364416839554906
decay,train/approx_kl,1339392,0.0012231578584760427
decay,train/approx_kl,1343488,0.0014153795782476664
decay,train/approx_kl,1347584,0.002766009420156479
decay,train/approx_kl,1351680,0.00377236632630229
decay,train/approx_kl,1355776,0.0011311883572489023
decay,train/approx_kl,1359872,0.0014090383192524314
decay,train/approx_kl,1363968,0.0019329285714775324
decay,train/approx_kl,1368064,0.00153860985301435
decay,train/approx_kl,1372160,0.000993913970887661
decay,train/approx_kl,1376256,0.001174816396087408
decay,train/approx_kl,1380352,0.0017249715747311711
decay,train/approx_kl,1384448,0.0034530307166278362
decay,train/approx_kl,1388544,0.0017810299759730697
decay,train/approx_kl,1392640,0.003202822059392929
decay,train/approx_kl,1396736,0.00167051050812006
decay,train/approx_kl,1400832,0.001667915377765894
decay,train/approx_kl,1404928,0.003153321100398898
decay,train/approx_kl,1409024,0.001789820147678256
decay,train/approx_kl,1413120,0.0015706401318311691
decay,train/approx_kl,1417216,0.0010456411400809884
decay,train/approx_kl,1421312,0.002948010340332985
decay,train/approx_kl,1425408,0.0022800208535045385
decay,train/approx_kl,1429504,0.002261993009597063
decay,train/approx_kl,1433600,0.0019645607098937035
decay,train/approx_kl,1437696,0.0027757801581174135
decay,train/approx_kl,1441792,0.0018154949648305774
decay,train/approx_kl,1445888,0.002480271738022566
decay,train/approx_kl,1449984,0.002045984612777829
decay,train/approx_kl,1454080,0.005043003708124161
decay,train/approx_kl,1458176,0.0015164862852543592
decay,train/approx_kl,1462272,0.0022262288257479668
decay,train/approx_kl,1466368,0.002317768521606922
decay,train/approx_kl,1470464,0.002451912499964237
decay,train/approx_kl,1474560,0.0030172045808285475
decay,train/approx_kl,1478656,0.0021119308657944202
decay,train/approx_kl,1482752,0.003934226930141449
decay,train/approx_kl,1486848,0.00269905012100935
decay,train/approx_kl,1490944,0.002114772330969572
decay,train/approx_kl,1495040,0.0015514543047174811
decay,train/approx_kl,1499136,0.002227343851700425
decay,train/approx_kl,1503232,0.003000696422532201
decay,train/approx_kl,1507328,0.0016789328074082732
decay,train/approx_kl,1511424,0.001563632977195084
decay,train/approx_kl,1515520,0.0012594147119671106
decay,train/approx_kl,1519616,0.002404696773737669
decay,train/approx_kl,1523712,0.0022318637929856777
decay,train/approx_kl,1531904,0.0011068428866565228
decay,train/approx_kl,1536000,0.0016045384109020233
decay,train/approx_kl,1540096,0.0024154321290552616
decay,train/approx_kl,1544192,0.0012465815525501966
decay,train/approx_kl,1548288,0.0033327832352370024
decay,train/approx_kl,1552384,0.001377948559820652
decay,train/approx_kl,1556480,0.0021596953738480806
decay,train/approx_kl,1560576,0.0007608049781993032
decay,train/approx_kl,1564672,0.0013375780545175076
decay,train/approx_kl,1568768,0.001352639403194189
decay,train/approx_kl,1572864,0.0016079862834885716
decay,train/approx_kl,1576960,0.002212862018495798
decay,train/approx_kl,1581056,0.0015363350976258516
decay,train/approx_kl,1585152,0.0022148042917251587
decay,train/approx_kl,1589248,0.001655413769185543
decay,train/approx_kl,1593344,0.001993248239159584
decay,train/approx_kl,1597440,0.0018312468891963363
decay,train/approx_kl,1601536,0.0013264489825814962
decay,train/approx_kl,1605632,0.0015292293392121792
decay,train/approx_kl,1609728,0.003817673772573471
decay,train/approx_kl,1613824,0.002205869648605585
decay,train/approx_kl,1617920,0.0016198380617424846
decay,train/approx_kl,1622016,0.001262193312868476
decay,train/approx_kl,1626112,0.0014789721462875605
decay,train/approx_kl,1630208,0.0014531740453094244
decay,train/approx_kl,1634304,0.00237325020134449
decay,train/approx_kl,1638400,0.00139123375993222
decay,train/approx_kl,1642496,0.0017617734847590327
decay,train/approx_kl,1646592,0.001363382674753666
decay,train/approx_kl,1650688,0.0018005797173827887
decay,train/approx_kl,1654784,0.001320951385423541
decay,train/approx_kl,1658880,0.003200685605406761
decay,train/approx_kl,1662976,0.0014358328189700842
decay,train/approx_kl,1667072,0.0017822945956140757
decay,train/approx_kl,1671168,0.0009712613536976278
decay,train/approx_kl,1675264,0.001044610282406211
decay,train/approx_kl,1679360,0.0023068124428391457
decay,train/approx_kl,1683456,0.002238146960735321
decay,train/approx_kl,1687552,0.0019107479602098465
decay,train/approx_kl,1691648,0.0021963659673929214
decay,train/approx_kl,1695744,0.0008707004599273205
decay,train/approx_kl,1699840,0.0012692686868831515
decay,train/approx_kl,1703936,0.0012022146256640553
decay,train/approx_kl,1708032,0.001402199501171708
decay,train/approx_kl,1712128,0.001035633496940136
decay,train/approx_kl,1716224,0.0019020086620002985
decay,train/approx_kl,1720320,0.001029202132485807
decay,train/approx_kl,1724416,0.001441660919226706
decay,train/approx_kl,1728512,0.0016818158328533173
decay,train/approx_kl,1732608,0.001277534756809473
decay,train/approx_kl,1736704,0.0018711441662162542
decay,train/approx_kl,1740800,0.0022732908837497234
decay,train/approx_kl,1744896,0.0011584463063627481
decay,train/approx_kl,1748992,0.0019042524509131908
decay,train/approx_kl,1753088,0.0013657930539920926
decay,train/approx_kl,1757184,0.001508444081991911
decay,train/approx_kl,1761280,0.0015044969040900469
decay,train/approx_kl,1765376,0.004583907313644886
decay,train/approx_kl,1769472,0.0015122584300115705
decay,train/approx_kl,1773568,0.0016890253173187375
decay,train/approx_kl,1777664,0.0015543296467512846
decay,train/approx_kl,1785856,0.0014945704024285078
decay,train/approx_kl,1789952,0.0016608049627393484
decay,train/approx_kl,1794048,0.001234584255144
decay,train/approx_kl,1798144,0.0010439925827085972
decay,train/approx_kl,1802240,0.001500314800068736
decay,train/approx_kl,1806336,0.0012942443136125803
decay,train/approx_kl,1810432,0.0021055438555777073
decay,train/approx_kl,1814528,0.0013833079719915986
decay,train/approx_kl,1818624,0.0011262858752161264
decay,train/approx_kl,1822720,0.0012097645085304976
decay,train/approx_kl,1826816,0.0018210300477221608
decay,train/approx_kl,1830912,0.0013692495413124561
decay,train/approx_kl,1835008,0.002785502467304468
decay,train/approx_kl,1839104,0.0017933938652276993
decay,train/approx_kl,1843200,0.0013364715268835425
decay,train/approx_kl,1847296,0.0010773595422506332
decay,train/approx_kl,1851392,0.0034350049681961536
decay,train/approx_kl,1855488,0.0021284399554133415
decay,train/approx_kl,1859584,0.0021129106171429157
decay,train/approx_kl,1863680,0.0008292018319480121
decay,train/approx_kl,1867776,0.0015201058704406023
decay,train/approx_kl,1871872,0.0013159255031496286
decay,train/approx_kl,1875968,0.001607392099685967
decay,train/approx_kl,1880064,0.0012940126471221447
decay,train/approx_kl,1884160,0.0017267480725422502
decay,train/approx_kl,1888256,0.0014690399402752519
decay,train/approx_kl,1892352,0.0015435516834259033
decay,train/approx_kl,1896448,0.001389828510582447
decay,train/approx_kl,1900544,0.0016181112732738256
decay,train/approx_kl,1904640,0.002013654448091984
decay,train/approx_kl,1908736,0.0013767725322395563
decay,train/approx_kl,1912832,0.0019887113012373447
decay,train/approx_kl,1916928,0.0017222899477928877
decay,train/approx_kl,1921024,0.0015071191592141986
decay,train/approx_kl,1925120,0.0014574939850717783
decay,train/approx_kl,1929216,0.0011456428328529
decay,train/approx_kl,1933312,0.0033899168483912945
decay,train/approx_kl,1937408,0.0022556614130735397
decay,train/approx_kl,1941504,0.0015552382683381438
decay,train/approx_kl,1945600,0.0017301896587014198
decay,train/approx_kl,1949696,0.0011254562996327877
decay,train/approx_kl,1953792,0.0008794328896328807
decay,train/approx_kl,1957888,0.0020170365460217
decay,train/approx_kl,1961984,0.0019576535560190678
decay,train/approx_kl,1966080,0.0014769535046070814
decay,train/approx_kl,1970176,0.0015902058221399784
decay,train/approx_kl,1974272,0.002623798092827201
decay,train/approx_kl,1978368,0.0013229702599346638
decay,train/approx_kl,1982464,0.0013320427387952805
decay,train/approx_kl,1986560,0.0012673299061134458
decay,train/approx_kl,1990656,0.0014898497611284256
decay,train/approx_kl,1994752,0.0025179863441735506
decay,train/approx_kl,1998848,0.001368079800158739
decay,train/approx_kl,2002944,0.001506331842392683
decay,train/approx_kl,2007040,0.0014532528584823012
decay,train/approx_kl,2011136,0.001705981558188796
decay,train/approx_kl,2015232,0.0012951628305017948
decay,train/approx_kl,2019328,0.0023326168302446604
decay,train/approx_kl,2023424,0.0011436755303293467
decay,train/approx_kl,2027520,0.0018250503344461322
decay,train/approx_kl,2031616,0.0016534082824364305
decay,train/approx_kl,2039808,0.0011315157171338797
decay,train/approx_kl,2043904,0.002164039295166731
decay,train/approx_kl,2048000,0.0010169309098273516
decay,train/approx_kl,2052096,0.0010855915024876595
decay,train/approx_kl,2056192,0.001074505620636046
decay,train/approx_kl,2060288,0.002174851018935442
decay,train/approx_kl,2064384,0.0014840890653431416
decay,train/approx_kl,2068480,0.0024690942373126745
decay,train/approx_kl,2072576,0.0014864790719002485
decay,train/approx_kl,2076672,0.0013561639934778214
decay,train/approx_kl,2080768,0.0016225612489506602
decay,train/approx_kl,2084864,0.00109435198828578
decay,train/approx_kl,2088960,0.0029782638885080814
decay,train/approx_kl,2093056,0.001115267863497138
decay,train/approx_kl,2097152,0.00435048621147871
decay,train/approx_kl,2101248,0.0016678201500326395
decay,train/approx_kl,2105344,0.0028521311469376087
decay,train/approx_kl,2109440,0.0018835116643458605
decay,train/approx_kl,2113536,0.002325680572539568
decay,train/approx_kl,2117632,0.0020924273412674665
decay,train/approx_kl,2121728,0.001890875631943345
decay,train/approx_kl,2125824,0.001558160176500678
decay,train/approx_kl,2129920,0.0017162803560495377
decay,train/approx_kl,2134016,0.001278361422009766
decay,train/approx_kl,2138112,0.0019634931813925505
decay,train/approx_kl,2142208,0.001490484457463026
decay,train/approx_kl,2146304,0.0013275761157274246
decay,train/approx_kl,2150400,0.0024890881031751633
decay,train/approx_kl,2154496,0.0017747043166309595
decay,train/approx_kl,2158592,0.0020636890549212694
decay,train/approx_kl,2162688,0.0014253334375098348
decay,train/approx_kl,2166784,0.0011899637756869197
decay,train/approx_kl,2170880,0.0019529566634446383
decay,train/approx_kl,2174976,0.0017733396962285042
decay,train/approx_kl,2179072,0.0021971038077026606
decay,train/approx_kl,2183168,0.0016557089984416962
decay,train/approx_kl,2187264,0.001059561618603766
decay,train/approx_kl,2191360,0.001461168983951211
decay,train/approx_kl,2195456,0.002107256557792425
decay,train/approx_kl,2199552,0.0017799407942220569
decay,train/approx_kl,2203648,0.0014604589669033885
decay,train/approx_kl,2207744,0.0019210323225706816
decay,train/approx_kl,2211840,0.0024249302223324776
decay,train/approx_kl,2215936,0.001469133305363357
decay,train/approx_kl,2220032,0.0017884885892271996
decay,train/approx_kl,2224128,0.0021447010803967714
decay,train/approx_kl,2228224,0.0013381191529333591
decay,train/approx_kl,2232320,0.001894010929390788
decay,train/approx_kl,2236416,0.002123461104929447
decay,train/approx_kl,2240512,0.001339060254395008
decay,train/approx_kl,2244608,0.001820845645852387
decay,train/approx_kl,2248704,0.0020974634680896997
decay,train/approx_kl,2252800,0.0024187436792999506
decay,train/approx_kl,2256896,0.0020970364566892385
decay,train/approx_kl,2260992,0.002865897025913
decay,train/approx_kl,2265088,0.0012483956525102258
decay,train/approx_kl,2269184,0.0018272254383191466
decay,train/approx_kl,2273280,0.0030408643651753664
decay,train/approx_kl,2277376,0.002235082443803549
decay,train/approx_kl,2281472,0.0016350459773093462
decay,train/approx_kl,2285568,0.001763653475791216
decay,train/approx_kl,2293760,0.0018600502517074347
decay,train/approx_kl,2297856,0.0029822278302162886
decay,train/approx_kl,2301952,0.0019654221832752228
decay,train/approx_kl,2306048,0.002847100608050823
decay,train/approx_kl,2310144,0.0021864883601665497
decay,train/approx_kl,2314240,0.0017257992876693606
decay,train/approx_kl,2318336,0.002142464742064476
decay,train/approx_kl,2322432,0.0017101997509598732
decay,train/approx_kl,2326528,0.0015275792684406042
decay,train/approx_kl,2330624,0.0021573950070887804
decay,train/approx_kl,2334720,0.0007050794083625078
decay,train/approx_kl,2338816,0.002084737876430154
decay,train/approx_kl,2342912,0.0017317114397883415
decay,train/approx_kl,2347008,0.0013423101045191288
decay,train/approx_kl,2351104,0.0014447958674281836
decay,train/approx_kl,2355200,0.0013833566335961223
decay,train/approx_kl,2359296,0.0012693207245320082
decay,train/approx_kl,2363392,0.0018336004577577114
decay,train/approx_kl,2367488,0.0018434484954923391
decay,train/approx_kl,2371584,0.0015342793194577098
decay,train/approx_kl,2375680,0.0015990149695426226
decay,train/approx_kl,2379776,0.002008194802328944
decay,train/approx_kl,2383872,0.0022882544435560703
decay,train/approx_kl,2387968,0.0020973016507923603
decay,train/approx_kl,2392064,0.001629953971132636
decay,train/approx_kl,2396160,0.0017858981154859066
decay,train/approx_kl,2400256,0.0018258019117638469
decay,train/approx_kl,2404352,0.0014546370366588235
decay,train/approx_kl,2408448,0.0022535151802003384
decay,train/approx_kl,2412544,0.0021905568428337574
decay,train/approx_kl,2416640,0.001538144308142364
decay,train/approx_kl,2420736,0.0017822855152189732
decay,train/approx_kl,2424832,0.0025566606782376766
decay,train/approx_kl,2428928,0.0019292327342554927
decay,train/approx_kl,2433024,0.0009786582086235285
decay,train/approx_kl,2437120,0.001573542831465602
decay,train/approx_kl,2441216,0.0021012001670897007
decay,train/approx_kl,2445312,0.0010176463983953
decay,train/approx_kl,2449408,0.001772941555827856
decay,train/approx_kl,2453504,0.001806810381822288
decay,train/approx_kl,2457600,0.0011785298120230436
decay,train/approx_kl,2461696,0.0014261378673836589
decay,train/approx_kl,2465792,0.0013977775815874338
decay,train/approx_kl,2469888,0.0015499203000217676
decay,train/approx_kl,2473984,0.0019115513423457742
decay,train/approx_kl,2478080,0.003212762763723731
decay,train/approx_kl,2482176,0.0019118663622066379
decay,train/approx_kl,2486272,0.0013696879614144564
decay,train/approx_kl,2490368,0.0018178431782871485
decay,train/approx_kl,2494464,0.0033777919597923756
decay,train/approx_kl,2498560,0.0020210922230035067
decay,train/approx_kl,2502656,0.0012816473608836532
decay,train/approx_kl,2506752,0.002141911070793867
decay,train/approx_kl,2510848,0.001934317871928215
decay,train/approx_kl,2514944,0.0019438212038949132
decay,train/approx_kl,2519040,0.0017918458906933665
decay,train/approx_kl,2523136,0.0017648197244852781
decay,train/approx_kl,2527232,0.0014910644385963678
decay,train/approx_kl,2531328,0.0018693754682317376
decay,train/approx_kl,2535424,0.0016764688771218061
decay,train/approx_kl,2539520,0.0012522374745458364
decay,train/approx_kl,2547712,0.0015009976923465729
decay,train/approx_kl,2551808,0.002860697917640209
decay,train/approx_kl,2555904,0.0021821046248078346
decay,train/approx_kl,2560000,0.003693738952279091
decay,train/approx_kl,2564096,0.0013780579902231693
decay,train/approx_kl,2568192,0.002251535886898637
decay,train/approx_kl,2572288,0.0019237027736380696
decay,train/approx_kl,2576384,0.0012983506312593818
decay,train/approx_kl,2580480,0.0015715169720351696
decay,train/approx_kl,2584576,0.001413421705365181
decay,train/approx_kl,2588672,0.0017468691803514957
decay,train/approx_kl,2592768,0.0021768950391560793
decay,train/approx_kl,2596864,0.0012526205973699689
decay,train/approx_kl,2600960,0.0014894710620865226
decay,train/approx_kl,2605056,0.0022944780066609383
decay,train/approx_kl,2609152,0.0011188777862116694
decay,train/approx_kl,2613248,0.002179795177653432
decay,train/approx_kl,2617344,0.001796692842617631
decay,train/approx_kl,2621440,0.002033572643995285
decay,train/approx_kl,2625536,0.0031423112377524376
decay,train/approx_kl,2629632,0.0035322525072842836
decay,train/approx_kl,2633728,0.0016697050305083394
decay,train/approx_kl,2637824,0.0022989842109382153
decay,train/approx_kl,2641920,0.0026180751156061888
decay,train/approx_kl,2646016,0.0011927962768822908
decay,train/approx_kl,2650112,0.0014900830574333668
decay,train/approx_kl,2654208,0.002033828990533948
decay,train/approx_kl,2658304,0.0016140735242515802
decay,train/approx_kl,2662400,0.0018592925043776631
decay,train/approx_kl,2666496,0.0010934408055618405
decay,train/approx_kl,2670592,0.0015357674565166235
decay,train/approx_kl,2674688,0.0018922352464869618
decay,train/approx_kl,2678784,0.0015664950478821993
decay,train/approx_kl,2682880,0.0015048985369503498
decay,train/approx_kl,2686976,0.001789409201592207
decay,train/approx_kl,2691072,0.001649204408749938
decay,train/approx_kl,2695168,0.0011450967285782099
decay,train/approx_kl,2699264,0.0017683068290352821
decay,train/approx_kl,2703360,0.0013629323802888393
decay,train/approx_kl,2707456,0.000696309027262032
decay,train/approx_kl,2711552,0.0015078391879796982
decay,train/approx_kl,2715648,0.001870086183771491
decay,train/approx_kl,2719744,0.001379197696223855
decay,train/approx_kl,2723840,0.0014551791828125715
decay,train/approx_kl,2727936,0.0016318991547450423
decay,train/approx_kl,2732032,0.0022485533263534307
decay,train/approx_kl,2736128,0.0012644187081605196
decay,train/approx_kl,2740224,0.0017243504989892244
decay,train/approx_kl,2744320,0.0027489145286381245
decay,train/approx_kl,2748416,0.0012070144293829799
decay,train/approx_kl,2752512,0.00135733128990978
decay,train/approx_kl,2756608,0.0010722556617110968
decay,train/approx_kl,2760704,0.000836336927022785
decay,train/approx_kl,2764800,0.0008866515709087253
decay,train/approx_kl,2768896,0.0013034229632467031
decay,train/approx_kl,2772992,0.001294970279559493
decay,train/approx_kl,2777088,0.0014440662926062942
decay,train/approx_kl,2781184,0.0019123244564980268
decay,train/approx_kl,2785280,0.0023399689234793186
decay,train/approx_kl,2789376,0.001809262903407216
decay,train/approx_kl,2793472,0.0013035545125603676
decay,train/approx_kl,2801664,0.002214796142652631
decay,train/approx_kl,2805760,0.0014934376813471317
decay,train/approx_kl,2809856,0.002454961184412241
decay,train/approx_kl,2813952,0.0017616068944334984
decay,train/approx_kl,2818048,0.0012528105871751904
decay,train/approx_kl,2822144,0.0010348873911425471
decay,train/approx_kl,2826240,0.0015297807985916734
decay,train/approx_kl,2830336,0.001251670066267252
decay,train/approx_kl,2834432,0.0018333224579691887
decay,train/approx_kl,2838528,0.001696726307272911
decay,train/approx_kl,2842624,0.0011190716177225113
decay,train/approx_kl,2846720,0.0008355439640581608
decay,train/approx_kl,2850816,0.0010931548895314336
decay,train/approx_kl,2854912,0.0011894952040165663
decay,train/approx_kl,2859008,0.0016449455870315433
decay,train/approx_kl,2863104,0.0014449164737015963
decay,train/approx_kl,2867200,0.0018035396933555603
decay,train/approx_kl,2871296,0.0015955725684762
decay,train/approx_kl,2875392,0.0027338084764778614
decay,train/approx_kl,2879488,0.0009700988885015249
decay,train/approx_kl,2883584,0.0009432896040380001
decay,train/approx_kl,2887680,0.0008245746721513569
decay,train/approx_kl,2891776,0.0018726440612226725
decay,train/approx_kl,2895872,0.0023810910061001778
decay,train/approx_kl,2899968,0.002082420513033867
decay,train/approx_kl,2904064,0.0016887979581952095
decay,train/approx_kl,2908160,0.001476453384384513
decay,train/approx_kl,2912256,0.0014403415843844414
decay,train/approx_kl,2916352,0.0010854790452867746
decay,train/approx_kl,2920448,0.0009680192451924086
decay,train/approx_kl,2924544,0.0011839531362056732
decay,train/approx_kl,2928640,0.002464737044647336
decay,train/approx_kl,2932736,0.0008624261245131493
decay,train/approx_kl,2936832,0.0012041428126394749
decay,train/approx_kl,2940928,0.002136260038241744
decay,train/approx_kl,2945024,0.0009394760127179325
decay,train/approx_kl,2949120,0.0016242803540080786
decay,train/approx_kl,2953216,0.0009642151999287307
decay,train/approx_kl,2957312,0.001729008392430842
decay,train/approx_kl,2961408,0.0017871188465505838
decay,train/approx_kl,2965504,0.0014278377639129758
decay,train/approx_kl,2969600,0.0011911230394616723
decay,train/approx_kl,2973696,0.0015592497074976563
decay,train/approx_kl,2977792,0.0014511997578665614
decay,train/approx_kl,2981888,0.0020125187002122402
decay,train/approx_kl,2985984,0.001439026789739728
decay,train/approx_kl,2990080,0.0018850918859243393
decay,train/approx_kl,2994176,0.001272447407245636
decay,train/approx_kl,2998272,0.0013619153760373592
decay,train/approx_kl,3002368,0.0018631366547197104
decay,train/approx_kl,3006464,0.0009897381532937288
decay,train/approx_kl,3010560,0.001466676127165556
decay,train/approx_kl,3014656,0.0016676450613886118
decay,train/approx_kl,3018752,0.0017362708458676934
decay,train/approx_kl,3022848,0.0014557032845914364
decay,train/approx_kl,3026944,0.001735096680931747
decay,train/approx_kl,3031040,0.001396948122419417
decay,train/approx_kl,3035136,0.0014075699727982283
decay,train/approx_kl,3039232,0.0016386422794312239
decay,train/approx_kl,3043328,0.0017887742724269629
decay,train/approx_kl,3047424,0.0017741316696628928
